[-1789741788815923456.000s] DEBUG:colcon:Command line arguments: ['/usr/bin/colcon', 'build']
[-1789741788815923456.000s] DEBUG:colcon:Parsed command line arguments: Namespace(log_base=None, log_level=None, verb_name='build', build_base='build', install_base='install', merge_install=False, symlink_install=False, test_result_base=None, continue_on_error=False, executor='parallel', parallel_workers=20, event_handlers=None, ignore_user_meta=False, metas=['./colcon.meta'], base_paths=['.'], packages_ignore=None, packages_ignore_regex=None, paths=None, packages_up_to=None, packages_up_to_regex=None, packages_above=None, packages_above_and_dependencies=None, packages_above_depth=None, packages_select_by_dep=None, packages_skip_by_dep=None, packages_skip_up_to=None, packages_select_build_failed=False, packages_skip_build_finished=False, packages_select_test_failures=False, packages_skip_test_passed=False, packages_select=None, packages_skip=None, packages_select_regex=None, packages_skip_regex=None, packages_start=None, packages_end=None, allow_overriding=[], lookup_in_workspace=False, cargo_args=None, clean_build=False, cmake_args=None, cmake_target=None, cmake_target_skip_unavailable=False, cmake_clean_cache=False, cmake_clean_first=False, cmake_force_configure=False, ament_cmake_args=None, catkin_cmake_args=None, catkin_skip_building_tests=False, mixin_files=None, mixin=None, verb_parser=<colcon_mixin.mixin.mixin_argument.MixinArgumentDecorator object at 0x723e990d8b90>, verb_extension=<colcon_core.verb.build.BuildVerb object at 0x723e9914a7b0>, main=<bound method BuildVerb.main of <colcon_core.verb.build.BuildVerb object at 0x723e9914a7b0>>, mixin_verb=('build',))
[-1789741788815923456.000s] Level 1:colcon.colcon_core.package_discovery:discover_packages(colcon_meta) check parameters
[-1789741788815923456.000s] Level 1:colcon.colcon_core.package_discovery:discover_packages(recursive) check parameters
[-1789741788815923456.000s] Level 1:colcon.colcon_core.package_discovery:discover_packages(ignore) check parameters
[-1789741788815923456.000s] Level 1:colcon.colcon_core.package_discovery:discover_packages(path) check parameters
[-1789741788815923456.000s] Level 1:colcon.colcon_core.package_discovery:discover_packages(cargo_workspace) check parameters
[-1789741788815923456.000s] Level 1:colcon.colcon_core.package_discovery:discover_packages(colcon_meta) discover
[-1789741788815923456.000s] Level 1:colcon.colcon_core.package_discovery:discover_packages(recursive) discover
[-1789741788815923456.000s] INFO:colcon.colcon_core.package_discovery:Crawling recursively for packages in '/home/mmazur/Prace/MecHaRo-Lab_ROSBot2Pro/ws_ros2_husarion'
[-1789741788815923456.000s] Level 1:colcon.colcon_core.package_identification:_identify(.) by extensions ['ignore', 'ignore_ament_install']
[-1789741788815923456.000s] Level 1:colcon.colcon_core.package_identification:_identify(.) by extension 'ignore'
[-1789741788815923456.000s] Level 1:colcon.colcon_core.package_identification:_identify(.) by extension 'ignore_ament_install'
[-1789741788815923456.000s] Level 1:colcon.colcon_core.package_identification:_identify(.) by extensions ['cargo_workspace']
[-1789741788815923456.000s] Level 1:colcon.colcon_core.package_identification:_identify(.) by extension 'cargo_workspace'
[-1789741788815923456.000s] Level 1:colcon.colcon_core.package_identification:_identify(.) by extensions ['colcon_pkg']
[-1789741788815923456.000s] Level 1:colcon.colcon_core.package_identification:_identify(.) by extension 'colcon_pkg'
[-1789741788815923456.000s] Level 1:colcon.colcon_core.package_identification:_identify(.) by extensions ['colcon_meta']
[-1789741788815923456.000s] Level 1:colcon.colcon_core.package_identification:_identify(.) by extension 'colcon_meta'
[-1789741788815923456.000s] Level 1:colcon.colcon_core.package_identification:_identify(.) by extensions ['ament_cargo']
[-1789741788815923456.000s] Level 1:colcon.colcon_core.package_identification:_identify(.) by extension 'ament_cargo'
[-1789741788815923456.000s] Level 1:colcon.colcon_core.package_identification:_identify(.) by extensions ['ros']
[-1789741788815923456.000s] Level 1:colcon.colcon_core.package_identification:_identify(.) by extension 'ros'
[-1789741788815923456.000s] Level 1:colcon.colcon_core.package_identification:_identify(.) by extensions ['cargo', 'cmake', 'python']
[-1789741788815923456.000s] Level 1:colcon.colcon_core.package_identification:_identify(.) by extension 'cargo'
[-1789741788815923456.000s] Level 1:colcon.colcon_core.package_identification:_identify(.) by extension 'cmake'
[-1789741788815923456.000s] Level 1:colcon.colcon_core.package_identification:_identify(.) by extension 'python'
[-1789741788815923456.000s] Level 1:colcon.colcon_core.package_identification:_identify(.) by extensions ['python_setup_py']
[-1789741788815923456.000s] Level 1:colcon.colcon_core.package_identification:_identify(.) by extension 'python_setup_py'
[-1789741788815923456.000s] Level 1:colcon.colcon_core.package_identification:_identify(build) by extensions ['ignore', 'ignore_ament_install']
[-1789741788815923456.000s] Level 1:colcon.colcon_core.package_identification:_identify(build) by extension 'ignore'
[-1789741788815923456.000s] Level 1:colcon.colcon_core.package_identification:_identify(build) ignored
[-1789741788815923456.000s] Level 1:colcon.colcon_core.package_identification:_identify(install) by extensions ['ignore', 'ignore_ament_install']
[-1789741788815923456.000s] Level 1:colcon.colcon_core.package_identification:_identify(install) by extension 'ignore'
[-1789741788815923456.000s] Level 1:colcon.colcon_core.package_identification:_identify(install) ignored
[-1789741788815923456.000s] Level 1:colcon.colcon_core.package_identification:_identify(log) by extensions ['ignore', 'ignore_ament_install']
[-1789741788815923456.000s] Level 1:colcon.colcon_core.package_identification:_identify(log) by extension 'ignore'
[-1789741788815923456.000s] Level 1:colcon.colcon_core.package_identification:_identify(log) ignored
[-1789741788815923456.000s] Level 1:colcon.colcon_core.package_identification:_identify(maps) by extensions ['ignore', 'ignore_ament_install']
[-1789741788815923456.000s] Level 1:colcon.colcon_core.package_identification:_identify(maps) by extension 'ignore'
[-1789741788815923456.000s] Level 1:colcon.colcon_core.package_identification:_identify(maps) by extension 'ignore_ament_install'
[-1789741788815923456.000s] Level 1:colcon.colcon_core.package_identification:_identify(maps) by extensions ['cargo_workspace']
[-1789741788815923456.000s] Level 1:colcon.colcon_core.package_identification:_identify(maps) by extension 'cargo_workspace'
[-1789741788815923456.000s] Level 1:colcon.colcon_core.package_identification:_identify(maps) by extensions ['colcon_pkg']
[-1789741788815923456.000s] Level 1:colcon.colcon_core.package_identification:_identify(maps) by extension 'colcon_pkg'
[-1789741788815923456.000s] Level 1:colcon.colcon_core.package_identification:_identify(maps) by extensions ['colcon_meta']
[-1789741788815923456.000s] Level 1:colcon.colcon_core.package_identification:_identify(maps) by extension 'colcon_meta'
[-1789741788815923456.000s] Level 1:colcon.colcon_core.package_identification:_identify(maps) by extensions ['ament_cargo']
[-1789741788815923456.000s] Level 1:colcon.colcon_core.package_identification:_identify(maps) by extension 'ament_cargo'
[-1789741788815923456.000s] Level 1:colcon.colcon_core.package_identification:_identify(maps) by extensions ['ros']
[-1789741788815923456.000s] Level 1:colcon.colcon_core.package_identification:_identify(maps) by extension 'ros'
[-1789741788815923456.000s] Level 1:colcon.colcon_core.package_identification:_identify(maps) by extensions ['cargo', 'cmake', 'python']
[-1789741788815923456.000s] Level 1:colcon.colcon_core.package_identification:_identify(maps) by extension 'cargo'
[-1789741788815923456.000s] Level 1:colcon.colcon_core.package_identification:_identify(maps) by extension 'cmake'
[-1789741788815923456.000s] Level 1:colcon.colcon_core.package_identification:_identify(maps) by extension 'python'
[-1789741788815923456.000s] Level 1:colcon.colcon_core.package_identification:_identify(maps) by extensions ['python_setup_py']
[-1789741788815923456.000s] Level 1:colcon.colcon_core.package_identification:_identify(maps) by extension 'python_setup_py'
[-1789741788815923456.000s] Level 1:colcon.colcon_core.package_identification:_identify(src) by extensions ['ignore', 'ignore_ament_install']
[-1789741788815923456.000s] Level 1:colcon.colcon_core.package_identification:_identify(src) by extension 'ignore'
[-1789741788815923456.000s] Level 1:colcon.colcon_core.package_identification:_identify(src) by extension 'ignore_ament_install'
[-1789741788815923456.000s] Level 1:colcon.colcon_core.package_identification:_identify(src) by extensions ['cargo_workspace']
[-1789741788815923456.000s] Level 1:colcon.colcon_core.package_identification:_identify(src) by extension 'cargo_workspace'
[-1789741788815923456.000s] Level 1:colcon.colcon_core.package_identification:_identify(src) by extensions ['colcon_pkg']
[-1789741788815923456.000s] Level 1:colcon.colcon_core.package_identification:_identify(src) by extension 'colcon_pkg'
[-1789741788815923456.000s] Level 1:colcon.colcon_core.package_identification:_identify(src) by extensions ['colcon_meta']
[-1789741788815923456.000s] Level 1:colcon.colcon_core.package_identification:_identify(src) by extension 'colcon_meta'
[-1789741788815923456.000s] Level 1:colcon.colcon_core.package_identification:_identify(src) by extensions ['ament_cargo']
[-1789741788815923456.000s] Level 1:colcon.colcon_core.package_identification:_identify(src) by extension 'ament_cargo'
[-1789741788815923456.000s] Level 1:colcon.colcon_core.package_identification:_identify(src) by extensions ['ros']
[-1789741788815923456.000s] Level 1:colcon.colcon_core.package_identification:_identify(src) by extension 'ros'
[-1789741788815923456.000s] Level 1:colcon.colcon_core.package_identification:_identify(src) by extensions ['cargo', 'cmake', 'python']
[-1789741788815923456.000s] Level 1:colcon.colcon_core.package_identification:_identify(src) by extension 'cargo'
[-1789741788815923456.000s] Level 1:colcon.colcon_core.package_identification:_identify(src) by extension 'cmake'
[-1789741788815923456.000s] Level 1:colcon.colcon_core.package_identification:_identify(src) by extension 'python'
[-1789741788815923456.000s] Level 1:colcon.colcon_core.package_identification:_identify(src) by extensions ['python_setup_py']
[-1789741788815923456.000s] Level 1:colcon.colcon_core.package_identification:_identify(src) by extension 'python_setup_py'
[-1789741788815923456.000s] Level 1:colcon.colcon_core.package_identification:_identify(src/nav_example) by extensions ['ignore', 'ignore_ament_install']
[-1789741788815923456.000s] Level 1:colcon.colcon_core.package_identification:_identify(src/nav_example) by extension 'ignore'
[-1789741788815923456.000s] Level 1:colcon.colcon_core.package_identification:_identify(src/nav_example) by extension 'ignore_ament_install'
[-1789741788815923456.000s] Level 1:colcon.colcon_core.package_identification:_identify(src/nav_example) by extensions ['cargo_workspace']
[-1789741788815923456.000s] Level 1:colcon.colcon_core.package_identification:_identify(src/nav_example) by extension 'cargo_workspace'
[-1789741788815923456.000s] Level 1:colcon.colcon_core.package_identification:_identify(src/nav_example) by extensions ['colcon_pkg']
[-1789741788815923456.000s] Level 1:colcon.colcon_core.package_identification:_identify(src/nav_example) by extension 'colcon_pkg'
[-1789741788815923456.000s] Level 1:colcon.colcon_core.package_identification:_identify(src/nav_example) by extensions ['colcon_meta']
[-1789741788815923456.000s] Level 1:colcon.colcon_core.package_identification:_identify(src/nav_example) by extension 'colcon_meta'
[-1789741788815923456.000s] Level 1:colcon.colcon_core.package_identification:_identify(src/nav_example) by extensions ['ament_cargo']
[-1789741788815923456.000s] Level 1:colcon.colcon_core.package_identification:_identify(src/nav_example) by extension 'ament_cargo'
[-1789741788815923456.000s] Level 1:colcon.colcon_core.package_identification:_identify(src/nav_example) by extensions ['ros']
[-1789741788815923456.000s] Level 1:colcon.colcon_core.package_identification:_identify(src/nav_example) by extension 'ros'
[-1789741788815923456.000s] DEBUG:colcon.colcon_core.package_identification:Package 'src/nav_example' with type 'ros.ament_python' and name 'nav_example'
[-1789741788815923456.000s] Level 1:colcon.colcon_core.package_identification:_identify(src/open_manipulator_x) by extensions ['ignore', 'ignore_ament_install']
[-1789741788815923456.000s] Level 1:colcon.colcon_core.package_identification:_identify(src/open_manipulator_x) by extension 'ignore'
[-1789741788815923456.000s] Level 1:colcon.colcon_core.package_identification:_identify(src/open_manipulator_x) by extension 'ignore_ament_install'
[-1789741788815923456.000s] Level 1:colcon.colcon_core.package_identification:_identify(src/open_manipulator_x) by extensions ['cargo_workspace']
[-1789741788815923456.000s] Level 1:colcon.colcon_core.package_identification:_identify(src/open_manipulator_x) by extension 'cargo_workspace'
[-1789741788815923456.000s] Level 1:colcon.colcon_core.package_identification:_identify(src/open_manipulator_x) by extensions ['colcon_pkg']
[-1789741788815923456.000s] Level 1:colcon.colcon_core.package_identification:_identify(src/open_manipulator_x) by extension 'colcon_pkg'
[-1789741788815923456.000s] Level 1:colcon.colcon_core.package_identification:_identify(src/open_manipulator_x) by extensions ['colcon_meta']
[-1789741788815923456.000s] Level 1:colcon.colcon_core.package_identification:_identify(src/open_manipulator_x) by extension 'colcon_meta'
[-1789741788815923456.000s] Level 1:colcon.colcon_core.package_identification:_identify(src/open_manipulator_x) by extensions ['ament_cargo']
[-1789741788815923456.000s] Level 1:colcon.colcon_core.package_identification:_identify(src/open_manipulator_x) by extension 'ament_cargo'
[-1789741788815923456.000s] Level 1:colcon.colcon_core.package_identification:_identify(src/open_manipulator_x) by extensions ['ros']
[-1789741788815923456.000s] Level 1:colcon.colcon_core.package_identification:_identify(src/open_manipulator_x) by extension 'ros'
[-1789741788815923456.000s] Level 1:colcon.colcon_core.package_identification:_identify(src/open_manipulator_x) by extensions ['cargo', 'cmake', 'python']
[-1789741788815923456.000s] Level 1:colcon.colcon_core.package_identification:_identify(src/open_manipulator_x) by extension 'cargo'
[-1789741788815923456.000s] Level 1:colcon.colcon_core.package_identification:_identify(src/open_manipulator_x) by extension 'cmake'
[-1789741788815923456.000s] Level 1:colcon.colcon_core.package_identification:_identify(src/open_manipulator_x) by extension 'python'
[-1789741788815923456.000s] Level 1:colcon.colcon_core.package_identification:_identify(src/open_manipulator_x) by extensions ['python_setup_py']
[-1789741788815923456.000s] Level 1:colcon.colcon_core.package_identification:_identify(src/open_manipulator_x) by extension 'python_setup_py'
[-1789741788815923456.000s] Level 1:colcon.colcon_core.package_identification:_identify(src/open_manipulator_x/open_manipulator_x_description) by extensions ['ignore', 'ignore_ament_install']
[-1789741788815923456.000s] Level 1:colcon.colcon_core.package_identification:_identify(src/open_manipulator_x/open_manipulator_x_description) by extension 'ignore'
[-1789741788815923456.000s] Level 1:colcon.colcon_core.package_identification:_identify(src/open_manipulator_x/open_manipulator_x_description) by extension 'ignore_ament_install'
[-1789741788815923456.000s] Level 1:colcon.colcon_core.package_identification:_identify(src/open_manipulator_x/open_manipulator_x_description) by extensions ['cargo_workspace']
[-1789741788815923456.000s] Level 1:colcon.colcon_core.package_identification:_identify(src/open_manipulator_x/open_manipulator_x_description) by extension 'cargo_workspace'
[-1789741788815923456.000s] Level 1:colcon.colcon_core.package_identification:_identify(src/open_manipulator_x/open_manipulator_x_description) by extensions ['colcon_pkg']
[-1789741788815923456.000s] Level 1:colcon.colcon_core.package_identification:_identify(src/open_manipulator_x/open_manipulator_x_description) by extension 'colcon_pkg'
[-1789741788815923456.000s] Level 1:colcon.colcon_core.package_identification:_identify(src/open_manipulator_x/open_manipulator_x_description) by extensions ['colcon_meta']
[-1789741788815923456.000s] Level 1:colcon.colcon_core.package_identification:_identify(src/open_manipulator_x/open_manipulator_x_description) by extension 'colcon_meta'
[-1789741788815923456.000s] Level 1:colcon.colcon_core.package_identification:_identify(src/open_manipulator_x/open_manipulator_x_description) by extensions ['ament_cargo']
[-1789741788815923456.000s] Level 1:colcon.colcon_core.package_identification:_identify(src/open_manipulator_x/open_manipulator_x_description) by extension 'ament_cargo'
[-1789741788815923456.000s] Level 1:colcon.colcon_core.package_identification:_identify(src/open_manipulator_x/open_manipulator_x_description) by extensions ['ros']
[-1789741788815923456.000s] Level 1:colcon.colcon_core.package_identification:_identify(src/open_manipulator_x/open_manipulator_x_description) by extension 'ros'
[-1789741788815923456.000s] DEBUG:colcon.colcon_core.package_identification:Package 'src/open_manipulator_x/open_manipulator_x_description' with type 'ros.ament_cmake' and name 'open_manipulator_x_description'
[-1789741788815923456.000s] Level 1:colcon.colcon_core.package_identification:_identify(src/ros_components_description) by extensions ['ignore', 'ignore_ament_install']
[-1789741788815923456.000s] Level 1:colcon.colcon_core.package_identification:_identify(src/ros_components_description) by extension 'ignore'
[-1789741788815923456.000s] Level 1:colcon.colcon_core.package_identification:_identify(src/ros_components_description) by extension 'ignore_ament_install'
[-1789741788815923456.000s] Level 1:colcon.colcon_core.package_identification:_identify(src/ros_components_description) by extensions ['cargo_workspace']
[-1789741788815923456.000s] Level 1:colcon.colcon_core.package_identification:_identify(src/ros_components_description) by extension 'cargo_workspace'
[-1789741788815923456.000s] Level 1:colcon.colcon_core.package_identification:_identify(src/ros_components_description) by extensions ['colcon_pkg']
[-1789741788815923456.000s] Level 1:colcon.colcon_core.package_identification:_identify(src/ros_components_description) by extension 'colcon_pkg'
[-1789741788815923456.000s] Level 1:colcon.colcon_core.package_identification:_identify(src/ros_components_description) by extensions ['colcon_meta']
[-1789741788815923456.000s] Level 1:colcon.colcon_core.package_identification:_identify(src/ros_components_description) by extension 'colcon_meta'
[-1789741788815923456.000s] Level 1:colcon.colcon_core.package_identification:_identify(src/ros_components_description) by extensions ['ament_cargo']
[-1789741788815923456.000s] Level 1:colcon.colcon_core.package_identification:_identify(src/ros_components_description) by extension 'ament_cargo'
[-1789741788815923456.000s] Level 1:colcon.colcon_core.package_identification:_identify(src/ros_components_description) by extensions ['ros']
[-1789741788815923456.000s] Level 1:colcon.colcon_core.package_identification:_identify(src/ros_components_description) by extension 'ros'
[-1789741788815923456.000s] DEBUG:colcon.colcon_core.package_identification:Package 'src/ros_components_description' with type 'ros.ament_cmake' and name 'ros_components_description'
[-1789741788815923456.000s] Level 1:colcon.colcon_core.package_identification:_identify(src/rosbot_ros) by extensions ['ignore', 'ignore_ament_install']
[-1789741788815923456.000s] Level 1:colcon.colcon_core.package_identification:_identify(src/rosbot_ros) by extension 'ignore'
[-1789741788815923456.000s] Level 1:colcon.colcon_core.package_identification:_identify(src/rosbot_ros) by extension 'ignore_ament_install'
[-1789741788815923456.000s] Level 1:colcon.colcon_core.package_identification:_identify(src/rosbot_ros) by extensions ['cargo_workspace']
[-1789741788815923456.000s] Level 1:colcon.colcon_core.package_identification:_identify(src/rosbot_ros) by extension 'cargo_workspace'
[-1789741788815923456.000s] Level 1:colcon.colcon_core.package_identification:_identify(src/rosbot_ros) by extensions ['colcon_pkg']
[-1789741788815923456.000s] Level 1:colcon.colcon_core.package_identification:_identify(src/rosbot_ros) by extension 'colcon_pkg'
[-1789741788815923456.000s] Level 1:colcon.colcon_core.package_identification:_identify(src/rosbot_ros) by extensions ['colcon_meta']
[-1789741788815923456.000s] Level 1:colcon.colcon_core.package_identification:_identify(src/rosbot_ros) by extension 'colcon_meta'
[-1789741788815923456.000s] Level 1:colcon.colcon_core.package_identification:_identify(src/rosbot_ros) by extensions ['ament_cargo']
[-1789741788815923456.000s] Level 1:colcon.colcon_core.package_identification:_identify(src/rosbot_ros) by extension 'ament_cargo'
[-1789741788815923456.000s] Level 1:colcon.colcon_core.package_identification:_identify(src/rosbot_ros) by extensions ['ros']
[-1789741788815923456.000s] Level 1:colcon.colcon_core.package_identification:_identify(src/rosbot_ros) by extension 'ros'
[-1789741788815923456.000s] Level 1:colcon.colcon_core.package_identification:_identify(src/rosbot_ros) by extensions ['cargo', 'cmake', 'python']
[-1789741788815923456.000s] Level 1:colcon.colcon_core.package_identification:_identify(src/rosbot_ros) by extension 'cargo'
[-1789741788815923456.000s] Level 1:colcon.colcon_core.package_identification:_identify(src/rosbot_ros) by extension 'cmake'
[-1789741788815923456.000s] Level 1:colcon.colcon_core.package_identification:_identify(src/rosbot_ros) by extension 'python'
[-1789741788815923456.000s] Level 1:colcon.colcon_core.package_identification:_identify(src/rosbot_ros) by extensions ['python_setup_py']
[-1789741788815923456.000s] Level 1:colcon.colcon_core.package_identification:_identify(src/rosbot_ros) by extension 'python_setup_py'
[-1789741788815923456.000s] Level 1:colcon.colcon_core.package_identification:_identify(src/rosbot_ros/rosbot_description) by extensions ['ignore', 'ignore_ament_install']
[-1789741788815923456.000s] Level 1:colcon.colcon_core.package_identification:_identify(src/rosbot_ros/rosbot_description) by extension 'ignore'
[-1789741788815923456.000s] Level 1:colcon.colcon_core.package_identification:_identify(src/rosbot_ros/rosbot_description) by extension 'ignore_ament_install'
[-1789741788815923456.000s] Level 1:colcon.colcon_core.package_identification:_identify(src/rosbot_ros/rosbot_description) by extensions ['cargo_workspace']
[-1789741788815923456.000s] Level 1:colcon.colcon_core.package_identification:_identify(src/rosbot_ros/rosbot_description) by extension 'cargo_workspace'
[-1789741788815923456.000s] Level 1:colcon.colcon_core.package_identification:_identify(src/rosbot_ros/rosbot_description) by extensions ['colcon_pkg']
[-1789741788815923456.000s] Level 1:colcon.colcon_core.package_identification:_identify(src/rosbot_ros/rosbot_description) by extension 'colcon_pkg'
[-1789741788815923456.000s] Level 1:colcon.colcon_core.package_identification:_identify(src/rosbot_ros/rosbot_description) by extensions ['colcon_meta']
[-1789741788815923456.000s] Level 1:colcon.colcon_core.package_identification:_identify(src/rosbot_ros/rosbot_description) by extension 'colcon_meta'
[-1789741788815923456.000s] Level 1:colcon.colcon_core.package_identification:_identify(src/rosbot_ros/rosbot_description) by extensions ['ament_cargo']
[-1789741788815923456.000s] Level 1:colcon.colcon_core.package_identification:_identify(src/rosbot_ros/rosbot_description) by extension 'ament_cargo'
[-1789741788815923456.000s] Level 1:colcon.colcon_core.package_identification:_identify(src/rosbot_ros/rosbot_description) by extensions ['ros']
[-1789741788815923456.000s] Level 1:colcon.colcon_core.package_identification:_identify(src/rosbot_ros/rosbot_description) by extension 'ros'
[-1789741788815923456.000s] DEBUG:colcon.colcon_core.package_identification:Package 'src/rosbot_ros/rosbot_description' with type 'ros.ament_cmake' and name 'rosbot_description'
[-1789741788815923456.000s] Level 1:colcon.colcon_core.package_identification:_identify(src/rosbot_xl_ros) by extensions ['ignore', 'ignore_ament_install']
[-1789741788815923456.000s] Level 1:colcon.colcon_core.package_identification:_identify(src/rosbot_xl_ros) by extension 'ignore'
[-1789741788815923456.000s] Level 1:colcon.colcon_core.package_identification:_identify(src/rosbot_xl_ros) by extension 'ignore_ament_install'
[-1789741788815923456.000s] Level 1:colcon.colcon_core.package_identification:_identify(src/rosbot_xl_ros) by extensions ['cargo_workspace']
[-1789741788815923456.000s] Level 1:colcon.colcon_core.package_identification:_identify(src/rosbot_xl_ros) by extension 'cargo_workspace'
[-1789741788815923456.000s] Level 1:colcon.colcon_core.package_identification:_identify(src/rosbot_xl_ros) by extensions ['colcon_pkg']
[-1789741788815923456.000s] Level 1:colcon.colcon_core.package_identification:_identify(src/rosbot_xl_ros) by extension 'colcon_pkg'
[-1789741788815923456.000s] Level 1:colcon.colcon_core.package_identification:_identify(src/rosbot_xl_ros) by extensions ['colcon_meta']
[-1789741788815923456.000s] Level 1:colcon.colcon_core.package_identification:_identify(src/rosbot_xl_ros) by extension 'colcon_meta'
[-1789741788815923456.000s] Level 1:colcon.colcon_core.package_identification:_identify(src/rosbot_xl_ros) by extensions ['ament_cargo']
[-1789741788815923456.000s] Level 1:colcon.colcon_core.package_identification:_identify(src/rosbot_xl_ros) by extension 'ament_cargo'
[-1789741788815923456.000s] Level 1:colcon.colcon_core.package_identification:_identify(src/rosbot_xl_ros) by extensions ['ros']
[-1789741788815923456.000s] Level 1:colcon.colcon_core.package_identification:_identify(src/rosbot_xl_ros) by extension 'ros'
[-1789741788815923456.000s] Level 1:colcon.colcon_core.package_identification:_identify(src/rosbot_xl_ros) by extensions ['cargo', 'cmake', 'python']
[-1789741788815923456.000s] Level 1:colcon.colcon_core.package_identification:_identify(src/rosbot_xl_ros) by extension 'cargo'
[-1789741788815923456.000s] Level 1:colcon.colcon_core.package_identification:_identify(src/rosbot_xl_ros) by extension 'cmake'
[-1789741788815923456.000s] Level 1:colcon.colcon_core.package_identification:_identify(src/rosbot_xl_ros) by extension 'python'
[-1789741788815923456.000s] Level 1:colcon.colcon_core.package_identification:_identify(src/rosbot_xl_ros) by extensions ['python_setup_py']
[-1789741788815923456.000s] Level 1:colcon.colcon_core.package_identification:_identify(src/rosbot_xl_ros) by extension 'python_setup_py'
[-1789741788815923456.000s] Level 1:colcon.colcon_core.package_identification:_identify(src/rosbot_xl_ros/rosbot_xl_description) by extensions ['ignore', 'ignore_ament_install']
[-1789741788815923456.000s] Level 1:colcon.colcon_core.package_identification:_identify(src/rosbot_xl_ros/rosbot_xl_description) by extension 'ignore'
[-1789741788815923456.000s] Level 1:colcon.colcon_core.package_identification:_identify(src/rosbot_xl_ros/rosbot_xl_description) by extension 'ignore_ament_install'
[-1789741788815923456.000s] Level 1:colcon.colcon_core.package_identification:_identify(src/rosbot_xl_ros/rosbot_xl_description) by extensions ['cargo_workspace']
[-1789741788815923456.000s] Level 1:colcon.colcon_core.package_identification:_identify(src/rosbot_xl_ros/rosbot_xl_description) by extension 'cargo_workspace'
[-1789741788815923456.000s] Level 1:colcon.colcon_core.package_identification:_identify(src/rosbot_xl_ros/rosbot_xl_description) by extensions ['colcon_pkg']
[-1789741788815923456.000s] Level 1:colcon.colcon_core.package_identification:_identify(src/rosbot_xl_ros/rosbot_xl_description) by extension 'colcon_pkg'
[-1789741788815923456.000s] Level 1:colcon.colcon_core.package_identification:_identify(src/rosbot_xl_ros/rosbot_xl_description) by extensions ['colcon_meta']
[-1789741788815923456.000s] Level 1:colcon.colcon_core.package_identification:_identify(src/rosbot_xl_ros/rosbot_xl_description) by extension 'colcon_meta'
[-1789741788815923456.000s] Level 1:colcon.colcon_core.package_identification:_identify(src/rosbot_xl_ros/rosbot_xl_description) by extensions ['ament_cargo']
[-1789741788815923456.000s] Level 1:colcon.colcon_core.package_identification:_identify(src/rosbot_xl_ros/rosbot_xl_description) by extension 'ament_cargo'
[-1789741788815923456.000s] Level 1:colcon.colcon_core.package_identification:_identify(src/rosbot_xl_ros/rosbot_xl_description) by extensions ['ros']
[-1789741788815923456.000s] Level 1:colcon.colcon_core.package_identification:_identify(src/rosbot_xl_ros/rosbot_xl_description) by extension 'ros'
[-1789741788815923456.000s] DEBUG:colcon.colcon_core.package_identification:Package 'src/rosbot_xl_ros/rosbot_xl_description' with type 'ros.ament_cmake' and name 'rosbot_xl_description'
[-1789741788815923456.000s] Level 1:colcon.colcon_core.package_identification:_identify(src/webots_ros2_husarion) by extensions ['ignore', 'ignore_ament_install']
[-1789741788815923456.000s] Level 1:colcon.colcon_core.package_identification:_identify(src/webots_ros2_husarion) by extension 'ignore'
[-1789741788815923456.000s] Level 1:colcon.colcon_core.package_identification:_identify(src/webots_ros2_husarion) by extension 'ignore_ament_install'
[-1789741788815923456.000s] Level 1:colcon.colcon_core.package_identification:_identify(src/webots_ros2_husarion) by extensions ['cargo_workspace']
[-1789741788815923456.000s] Level 1:colcon.colcon_core.package_identification:_identify(src/webots_ros2_husarion) by extension 'cargo_workspace'
[-1789741788815923456.000s] Level 1:colcon.colcon_core.package_identification:_identify(src/webots_ros2_husarion) by extensions ['colcon_pkg']
[-1789741788815923456.000s] Level 1:colcon.colcon_core.package_identification:_identify(src/webots_ros2_husarion) by extension 'colcon_pkg'
[-1789741788815923456.000s] Level 1:colcon.colcon_core.package_identification:_identify(src/webots_ros2_husarion) by extensions ['colcon_meta']
[-1789741788815923456.000s] Level 1:colcon.colcon_core.package_identification:_identify(src/webots_ros2_husarion) by extension 'colcon_meta'
[-1789741788815923456.000s] Level 1:colcon.colcon_core.package_identification:_identify(src/webots_ros2_husarion) by extensions ['ament_cargo']
[-1789741788815923456.000s] Level 1:colcon.colcon_core.package_identification:_identify(src/webots_ros2_husarion) by extension 'ament_cargo'
[-1789741788815923456.000s] Level 1:colcon.colcon_core.package_identification:_identify(src/webots_ros2_husarion) by extensions ['ros']
[-1789741788815923456.000s] Level 1:colcon.colcon_core.package_identification:_identify(src/webots_ros2_husarion) by extension 'ros'
[-1789741788815923456.000s] DEBUG:colcon.colcon_core.package_identification:Package 'src/webots_ros2_husarion' with type 'ros.ament_python' and name 'webots_ros2_husarion'
[-1789741788815923456.000s] Level 1:colcon.colcon_core.package_discovery:discover_packages(recursive) using defaults
[-1789741788815923456.000s] Level 1:colcon.colcon_core.package_discovery:discover_packages(ignore) discover
[-1789741788815923456.000s] Level 1:colcon.colcon_core.package_discovery:discover_packages(ignore) using defaults
[-1789741788815923456.000s] Level 1:colcon.colcon_core.package_discovery:discover_packages(path) discover
[-1789741788815923456.000s] Level 1:colcon.colcon_core.package_discovery:discover_packages(path) using defaults
[-1789741788815923456.000s] Level 1:colcon.colcon_core.package_discovery:discover_packages(cargo_workspace) discover
[-1789741788815923456.000s] Level 1:colcon.colcon_core.package_discovery:discover_packages(cargo_workspace) using defaults
[-1789741788815923456.000s] Level 1:colcon.colcon_core.package_discovery:discover_packages(prefix_path) check parameters
[-1789741788815923456.000s] Level 1:colcon.colcon_core.package_discovery:discover_packages(prefix_path) discover
[-1789741788815923456.000s] DEBUG:colcon.colcon_installed_package_information.package_discovery:Found 449 installed packages in /opt/ros/lyrical
[-1789741788815923456.000s] Level 1:colcon.colcon_core.package_discovery:discover_packages(prefix_path) using defaults
[-1789741788815923456.000s] Level 5:colcon.colcon_core.verb:set package 'nav_example' build argument 'lookup_in_workspace' from command line to 'False'
[-1789741788815923456.000s] Level 5:colcon.colcon_core.verb:set package 'nav_example' build argument 'cargo_args' from command line to 'None'
[-1789741788815923456.000s] Level 5:colcon.colcon_core.verb:set package 'nav_example' build argument 'clean_build' from command line to 'False'
[-1789741788815923456.000s] Level 5:colcon.colcon_core.verb:set package 'nav_example' build argument 'cmake_args' from command line to 'None'
[-1789741788815923456.000s] Level 5:colcon.colcon_core.verb:set package 'nav_example' build argument 'cmake_target' from command line to 'None'
[-1789741788815923456.000s] Level 5:colcon.colcon_core.verb:set package 'nav_example' build argument 'cmake_target_skip_unavailable' from command line to 'False'
[-1789741788815923456.000s] Level 5:colcon.colcon_core.verb:set package 'nav_example' build argument 'cmake_clean_cache' from command line to 'False'
[-1789741788815923456.000s] Level 5:colcon.colcon_core.verb:set package 'nav_example' build argument 'cmake_clean_first' from command line to 'False'
[-1789741788815923456.000s] Level 5:colcon.colcon_core.verb:set package 'nav_example' build argument 'cmake_force_configure' from command line to 'False'
[-1789741788815923456.000s] Level 5:colcon.colcon_core.verb:set package 'nav_example' build argument 'ament_cmake_args' from command line to 'None'
[-1789741788815923456.000s] Level 5:colcon.colcon_core.verb:set package 'nav_example' build argument 'catkin_cmake_args' from command line to 'None'
[-1789741788815923456.000s] Level 5:colcon.colcon_core.verb:set package 'nav_example' build argument 'catkin_skip_building_tests' from command line to 'False'
[-1789741788815923456.000s] DEBUG:colcon.colcon_core.verb:Building package 'nav_example' with the following arguments: {'ament_cmake_args': None, 'build_base': '/home/mmazur/Prace/MecHaRo-Lab_ROSBot2Pro/ws_ros2_husarion/build/nav_example', 'cargo_args': None, 'catkin_cmake_args': None, 'catkin_skip_building_tests': False, 'clean_build': False, 'cmake_args': None, 'cmake_clean_cache': False, 'cmake_clean_first': False, 'cmake_force_configure': False, 'cmake_target': None, 'cmake_target_skip_unavailable': False, 'install_base': '/home/mmazur/Prace/MecHaRo-Lab_ROSBot2Pro/ws_ros2_husarion/install/nav_example', 'lookup_in_workspace': False, 'merge_install': False, 'path': '/home/mmazur/Prace/MecHaRo-Lab_ROSBot2Pro/ws_ros2_husarion/src/nav_example', 'symlink_install': False, 'test_result_base': None}
[-1789741788815923456.000s] Level 5:colcon.colcon_core.verb:set package 'open_manipulator_x_description' build argument 'lookup_in_workspace' from command line to 'False'
[-1789741788815923456.000s] Level 5:colcon.colcon_core.verb:set package 'open_manipulator_x_description' build argument 'cargo_args' from command line to 'None'
[-1789741788815923456.000s] Level 5:colcon.colcon_core.verb:set package 'open_manipulator_x_description' build argument 'clean_build' from command line to 'False'
[-1789741788815923456.000s] Level 5:colcon.colcon_core.verb:set package 'open_manipulator_x_description' build argument 'cmake_args' from command line to 'None'
[-1789741788815923456.000s] Level 5:colcon.colcon_core.verb:set package 'open_manipulator_x_description' build argument 'cmake_target' from command line to 'None'
[-1789741788815923456.000s] Level 5:colcon.colcon_core.verb:set package 'open_manipulator_x_description' build argument 'cmake_target_skip_unavailable' from command line to 'False'
[-1789741788815923456.000s] Level 5:colcon.colcon_core.verb:set package 'open_manipulator_x_description' build argument 'cmake_clean_cache' from command line to 'False'
[-1789741788815923456.000s] Level 5:colcon.colcon_core.verb:set package 'open_manipulator_x_description' build argument 'cmake_clean_first' from command line to 'False'
[-1789741788815923456.000s] Level 5:colcon.colcon_core.verb:set package 'open_manipulator_x_description' build argument 'cmake_force_configure' from command line to 'False'
[-1789741788815923456.000s] Level 5:colcon.colcon_core.verb:set package 'open_manipulator_x_description' build argument 'ament_cmake_args' from command line to 'None'
[-1789741788815923456.000s] Level 5:colcon.colcon_core.verb:set package 'open_manipulator_x_description' build argument 'catkin_cmake_args' from command line to 'None'
[-1789741788815923456.000s] Level 5:colcon.colcon_core.verb:set package 'open_manipulator_x_description' build argument 'catkin_skip_building_tests' from command line to 'False'
[-1789741788815923456.000s] DEBUG:colcon.colcon_core.verb:Building package 'open_manipulator_x_description' with the following arguments: {'ament_cmake_args': None, 'build_base': '/home/mmazur/Prace/MecHaRo-Lab_ROSBot2Pro/ws_ros2_husarion/build/open_manipulator_x_description', 'cargo_args': None, 'catkin_cmake_args': None, 'catkin_skip_building_tests': False, 'clean_build': False, 'cmake_args': None, 'cmake_clean_cache': False, 'cmake_clean_first': False, 'cmake_force_configure': False, 'cmake_target': None, 'cmake_target_skip_unavailable': False, 'install_base': '/home/mmazur/Prace/MecHaRo-Lab_ROSBot2Pro/ws_ros2_husarion/install/open_manipulator_x_description', 'lookup_in_workspace': False, 'merge_install': False, 'path': '/home/mmazur/Prace/MecHaRo-Lab_ROSBot2Pro/ws_ros2_husarion/src/open_manipulator_x/open_manipulator_x_description', 'symlink_install': False, 'test_result_base': None}
[-1789741788815923456.000s] Level 5:colcon.colcon_core.verb:set package 'ros_components_description' build argument 'lookup_in_workspace' from command line to 'False'
[-1789741788815923456.000s] Level 5:colcon.colcon_core.verb:set package 'ros_components_description' build argument 'cargo_args' from command line to 'None'
[-1789741788815923456.000s] Level 5:colcon.colcon_core.verb:set package 'ros_components_description' build argument 'clean_build' from command line to 'False'
[-1789741788815923456.000s] Level 5:colcon.colcon_core.verb:set package 'ros_components_description' build argument 'cmake_args' from command line to 'None'
[-1789741788815923456.000s] Level 5:colcon.colcon_core.verb:set package 'ros_components_description' build argument 'cmake_target' from command line to 'None'
[-1789741788815923456.000s] Level 5:colcon.colcon_core.verb:set package 'ros_components_description' build argument 'cmake_target_skip_unavailable' from command line to 'False'
[-1789741788815923456.000s] Level 5:colcon.colcon_core.verb:set package 'ros_components_description' build argument 'cmake_clean_cache' from command line to 'False'
[-1789741788815923456.000s] Level 5:colcon.colcon_core.verb:set package 'ros_components_description' build argument 'cmake_clean_first' from command line to 'False'
[-1789741788815923456.000s] Level 5:colcon.colcon_core.verb:set package 'ros_components_description' build argument 'cmake_force_configure' from command line to 'False'
[-1789741788815923456.000s] Level 5:colcon.colcon_core.verb:set package 'ros_components_description' build argument 'ament_cmake_args' from command line to 'None'
[-1789741788815923456.000s] Level 5:colcon.colcon_core.verb:set package 'ros_components_description' build argument 'catkin_cmake_args' from command line to 'None'
[-1789741788815923456.000s] Level 5:colcon.colcon_core.verb:set package 'ros_components_description' build argument 'catkin_skip_building_tests' from command line to 'False'
[-1789741788815923456.000s] DEBUG:colcon.colcon_core.verb:Building package 'ros_components_description' with the following arguments: {'ament_cmake_args': None, 'build_base': '/home/mmazur/Prace/MecHaRo-Lab_ROSBot2Pro/ws_ros2_husarion/build/ros_components_description', 'cargo_args': None, 'catkin_cmake_args': None, 'catkin_skip_building_tests': False, 'clean_build': False, 'cmake_args': None, 'cmake_clean_cache': False, 'cmake_clean_first': False, 'cmake_force_configure': False, 'cmake_target': None, 'cmake_target_skip_unavailable': False, 'install_base': '/home/mmazur/Prace/MecHaRo-Lab_ROSBot2Pro/ws_ros2_husarion/install/ros_components_description', 'lookup_in_workspace': False, 'merge_install': False, 'path': '/home/mmazur/Prace/MecHaRo-Lab_ROSBot2Pro/ws_ros2_husarion/src/ros_components_description', 'symlink_install': False, 'test_result_base': None}
[-1789741788815923456.000s] Level 5:colcon.colcon_core.verb:set package 'rosbot_description' build argument 'lookup_in_workspace' from command line to 'False'
[-1789741788815923456.000s] Level 5:colcon.colcon_core.verb:set package 'rosbot_description' build argument 'cargo_args' from command line to 'None'
[-1789741788815923456.000s] Level 5:colcon.colcon_core.verb:set package 'rosbot_description' build argument 'clean_build' from command line to 'False'
[-1789741788815923456.000s] Level 5:colcon.colcon_core.verb:set package 'rosbot_description' build argument 'cmake_args' from command line to 'None'
[-1789741788815923456.000s] Level 5:colcon.colcon_core.verb:set package 'rosbot_description' build argument 'cmake_target' from command line to 'None'
[-1789741788815923456.000s] Level 5:colcon.colcon_core.verb:set package 'rosbot_description' build argument 'cmake_target_skip_unavailable' from command line to 'False'
[-1789741788815923456.000s] Level 5:colcon.colcon_core.verb:set package 'rosbot_description' build argument 'cmake_clean_cache' from command line to 'False'
[-1789741788815923456.000s] Level 5:colcon.colcon_core.verb:set package 'rosbot_description' build argument 'cmake_clean_first' from command line to 'False'
[-1789741788815923456.000s] Level 5:colcon.colcon_core.verb:set package 'rosbot_description' build argument 'cmake_force_configure' from command line to 'False'
[-1789741788815923456.000s] Level 5:colcon.colcon_core.verb:set package 'rosbot_description' build argument 'ament_cmake_args' from command line to 'None'
[-1789741788815923456.000s] Level 5:colcon.colcon_core.verb:set package 'rosbot_description' build argument 'catkin_cmake_args' from command line to 'None'
[-1789741788815923456.000s] Level 5:colcon.colcon_core.verb:set package 'rosbot_description' build argument 'catkin_skip_building_tests' from command line to 'False'
[-1789741788815923456.000s] DEBUG:colcon.colcon_core.verb:Building package 'rosbot_description' with the following arguments: {'ament_cmake_args': None, 'build_base': '/home/mmazur/Prace/MecHaRo-Lab_ROSBot2Pro/ws_ros2_husarion/build/rosbot_description', 'cargo_args': None, 'catkin_cmake_args': None, 'catkin_skip_building_tests': False, 'clean_build': False, 'cmake_args': None, 'cmake_clean_cache': False, 'cmake_clean_first': False, 'cmake_force_configure': False, 'cmake_target': None, 'cmake_target_skip_unavailable': False, 'install_base': '/home/mmazur/Prace/MecHaRo-Lab_ROSBot2Pro/ws_ros2_husarion/install/rosbot_description', 'lookup_in_workspace': False, 'merge_install': False, 'path': '/home/mmazur/Prace/MecHaRo-Lab_ROSBot2Pro/ws_ros2_husarion/src/rosbot_ros/rosbot_description', 'symlink_install': False, 'test_result_base': None}
[-1789741788815923456.000s] Level 5:colcon.colcon_core.verb:set package 'rosbot_xl_description' build argument 'lookup_in_workspace' from command line to 'False'
[-1789741788815923456.000s] Level 5:colcon.colcon_core.verb:set package 'rosbot_xl_description' build argument 'cargo_args' from command line to 'None'
[-1789741788815923456.000s] Level 5:colcon.colcon_core.verb:set package 'rosbot_xl_description' build argument 'clean_build' from command line to 'False'
[-1789741788815923456.000s] Level 5:colcon.colcon_core.verb:set package 'rosbot_xl_description' build argument 'cmake_args' from command line to 'None'
[-1789741788815923456.000s] Level 5:colcon.colcon_core.verb:set package 'rosbot_xl_description' build argument 'cmake_target' from command line to 'None'
[-1789741788815923456.000s] Level 5:colcon.colcon_core.verb:set package 'rosbot_xl_description' build argument 'cmake_target_skip_unavailable' from command line to 'False'
[-1789741788815923456.000s] Level 5:colcon.colcon_core.verb:set package 'rosbot_xl_description' build argument 'cmake_clean_cache' from command line to 'False'
[-1789741788815923456.000s] Level 5:colcon.colcon_core.verb:set package 'rosbot_xl_description' build argument 'cmake_clean_first' from command line to 'False'
[-1789741788815923456.000s] Level 5:colcon.colcon_core.verb:set package 'rosbot_xl_description' build argument 'cmake_force_configure' from command line to 'False'
[-1789741788815923456.000s] Level 5:colcon.colcon_core.verb:set package 'rosbot_xl_description' build argument 'ament_cmake_args' from command line to 'None'
[-1789741788815923456.000s] Level 5:colcon.colcon_core.verb:set package 'rosbot_xl_description' build argument 'catkin_cmake_args' from command line to 'None'
[-1789741788815923456.000s] Level 5:colcon.colcon_core.verb:set package 'rosbot_xl_description' build argument 'catkin_skip_building_tests' from command line to 'False'
[-1789741788815923456.000s] DEBUG:colcon.colcon_core.verb:Building package 'rosbot_xl_description' with the following arguments: {'ament_cmake_args': None, 'build_base': '/home/mmazur/Prace/MecHaRo-Lab_ROSBot2Pro/ws_ros2_husarion/build/rosbot_xl_description', 'cargo_args': None, 'catkin_cmake_args': None, 'catkin_skip_building_tests': False, 'clean_build': False, 'cmake_args': None, 'cmake_clean_cache': False, 'cmake_clean_first': False, 'cmake_force_configure': False, 'cmake_target': None, 'cmake_target_skip_unavailable': False, 'install_base': '/home/mmazur/Prace/MecHaRo-Lab_ROSBot2Pro/ws_ros2_husarion/install/rosbot_xl_description', 'lookup_in_workspace': False, 'merge_install': False, 'path': '/home/mmazur/Prace/MecHaRo-Lab_ROSBot2Pro/ws_ros2_husarion/src/rosbot_xl_ros/rosbot_xl_description', 'symlink_install': False, 'test_result_base': None}
[-1789741788815923456.000s] Level 5:colcon.colcon_core.verb:set package 'webots_ros2_husarion' build argument 'lookup_in_workspace' from command line to 'False'
[-1789741788815923456.000s] Level 5:colcon.colcon_core.verb:set package 'webots_ros2_husarion' build argument 'cargo_args' from command line to 'None'
[-1789741788815923456.000s] Level 5:colcon.colcon_core.verb:set package 'webots_ros2_husarion' build argument 'clean_build' from command line to 'False'
[-1789741788815923456.000s] Level 5:colcon.colcon_core.verb:set package 'webots_ros2_husarion' build argument 'cmake_args' from command line to 'None'
[-1789741788815923456.000s] Level 5:colcon.colcon_core.verb:set package 'webots_ros2_husarion' build argument 'cmake_target' from command line to 'None'
[-1789741788815923456.000s] Level 5:colcon.colcon_core.verb:set package 'webots_ros2_husarion' build argument 'cmake_target_skip_unavailable' from command line to 'False'
[-1789741788815923456.000s] Level 5:colcon.colcon_core.verb:set package 'webots_ros2_husarion' build argument 'cmake_clean_cache' from command line to 'False'
[-1789741788815923456.000s] Level 5:colcon.colcon_core.verb:set package 'webots_ros2_husarion' build argument 'cmake_clean_first' from command line to 'False'
[-1789741788815923456.000s] Level 5:colcon.colcon_core.verb:set package 'webots_ros2_husarion' build argument 'cmake_force_configure' from command line to 'False'
[-1789741788815923456.000s] Level 5:colcon.colcon_core.verb:set package 'webots_ros2_husarion' build argument 'ament_cmake_args' from command line to 'None'
[-1789741788815923456.000s] Level 5:colcon.colcon_core.verb:set package 'webots_ros2_husarion' build argument 'catkin_cmake_args' from command line to 'None'
[-1789741788815923456.000s] Level 5:colcon.colcon_core.verb:set package 'webots_ros2_husarion' build argument 'catkin_skip_building_tests' from command line to 'False'
[-1789741788815923456.000s] DEBUG:colcon.colcon_core.verb:Building package 'webots_ros2_husarion' with the following arguments: {'ament_cmake_args': None, 'build_base': '/home/mmazur/Prace/MecHaRo-Lab_ROSBot2Pro/ws_ros2_husarion/build/webots_ros2_husarion', 'cargo_args': None, 'catkin_cmake_args': None, 'catkin_skip_building_tests': False, 'clean_build': False, 'cmake_args': None, 'cmake_clean_cache': False, 'cmake_clean_first': False, 'cmake_force_configure': False, 'cmake_target': None, 'cmake_target_skip_unavailable': False, 'install_base': '/home/mmazur/Prace/MecHaRo-Lab_ROSBot2Pro/ws_ros2_husarion/install/webots_ros2_husarion', 'lookup_in_workspace': False, 'merge_install': False, 'path': '/home/mmazur/Prace/MecHaRo-Lab_ROSBot2Pro/ws_ros2_husarion/src/webots_ros2_husarion', 'symlink_install': False, 'test_result_base': None}
[-1789741788815923456.000s] INFO:colcon.colcon_core.executor:Executing jobs using 'parallel' executor
[-1789741788815923456.000s] DEBUG:colcon.colcon_parallel_executor.executor.parallel:run_until_complete
[-1789741788815923456.000s] INFO:colcon.colcon_ros.task.ament_cmake.build:Building ROS package in '/home/mmazur/Prace/MecHaRo-Lab_ROSBot2Pro/ws_ros2_husarion/src/ros_components_description' with build type 'ament_cmake'
[-1789741788815923456.000s] INFO:colcon.colcon_cmake.task.cmake.build:Building CMake package in '/home/mmazur/Prace/MecHaRo-Lab_ROSBot2Pro/ws_ros2_husarion/src/ros_components_description'
[-1789741788815923456.000s] INFO:colcon.colcon_core.plugin_system:Skipping extension 'colcon_core.shell.bat': Not used on non-Windows systems
[-1789741788815923456.000s] INFO:colcon.colcon_core.shell:Skip shell extension 'powershell' for command environment: Not usable outside of PowerShell
[-1789741788815923456.000s] DEBUG:colcon.colcon_core.shell:Skip shell extension 'dsv' for command environment
[-1789741788815923456.000s] INFO:colcon.colcon_ros.task.ament_python.build:Building ROS package in '/home/mmazur/Prace/MecHaRo-Lab_ROSBot2Pro/ws_ros2_husarion/src/nav_example' with build type 'ament_python'
[-1789741788815923456.000s] Level 1:colcon.colcon_core.shell:create_environment_hook('nav_example', 'ament_prefix_path')
[-1789741788815923456.000s] INFO:colcon.colcon_core.shell:Creating environment hook '/home/mmazur/Prace/MecHaRo-Lab_ROSBot2Pro/ws_ros2_husarion/install/nav_example/share/nav_example/hook/ament_prefix_path.ps1'
[-1789741788815923456.000s] INFO:colcon.colcon_core.shell:Creating environment descriptor '/home/mmazur/Prace/MecHaRo-Lab_ROSBot2Pro/ws_ros2_husarion/install/nav_example/share/nav_example/hook/ament_prefix_path.dsv'
[-1789741788815923456.000s] INFO:colcon.colcon_core.shell:Creating environment hook '/home/mmazur/Prace/MecHaRo-Lab_ROSBot2Pro/ws_ros2_husarion/install/nav_example/share/nav_example/hook/ament_prefix_path.sh'
[-1789741788815923456.000s] INFO:colcon.colcon_core.shell:Skip shell extension 'powershell' for command environment: Not usable outside of PowerShell
[-1789741788815923456.000s] DEBUG:colcon.colcon_core.shell:Skip shell extension 'dsv' for command environment
[-1789741788815923456.000s] INFO:colcon.colcon_ros.task.ament_cmake.build:Building ROS package in '/home/mmazur/Prace/MecHaRo-Lab_ROSBot2Pro/ws_ros2_husarion/src/open_manipulator_x/open_manipulator_x_description' with build type 'ament_cmake'
[-1789741788815923456.000s] INFO:colcon.colcon_cmake.task.cmake.build:Building CMake package in '/home/mmazur/Prace/MecHaRo-Lab_ROSBot2Pro/ws_ros2_husarion/src/open_manipulator_x/open_manipulator_x_description'
[-1789741788815923456.000s] INFO:colcon.colcon_core.shell:Skip shell extension 'powershell' for command environment: Not usable outside of PowerShell
[-1789741788815923456.000s] DEBUG:colcon.colcon_core.shell:Skip shell extension 'dsv' for command environment
[-1789741788815923456.000s] DEBUG:colcon.colcon_core.event_handler.log_command:Invoking command in '/home/mmazur/Prace/MecHaRo-Lab_ROSBot2Pro/ws_ros2_husarion/build/ros_components_description': CMAKE_PREFIX_PATH=${CMAKE_PREFIX_PATH}:/opt/ros/lyrical DEBUGINFOD_URLS=https://debuginfod.ubuntu.com /usr/bin/cmake /home/mmazur/Prace/MecHaRo-Lab_ROSBot2Pro/ws_ros2_husarion/src/ros_components_description -DCMAKE_INSTALL_PREFIX=/home/mmazur/Prace/MecHaRo-Lab_ROSBot2Pro/ws_ros2_husarion/install/ros_components_description
[-1789741788815923456.000s] INFO:colcon.colcon_core.task.python.build:Building Python package in '/home/mmazur/Prace/MecHaRo-Lab_ROSBot2Pro/ws_ros2_husarion/src/nav_example'
[-1789741788815923456.000s] INFO:colcon.colcon_core.shell:Skip shell extension 'powershell' for command environment: Not usable outside of PowerShell
[-1789741788815923456.000s] DEBUG:colcon.colcon_core.shell:Skip shell extension 'dsv' for command environment
[-1789741788815923456.000s] DEBUG:colcon.colcon_core.event_handler.log_command:Invoking command in '/home/mmazur/Prace/MecHaRo-Lab_ROSBot2Pro/ws_ros2_husarion/build/open_manipulator_x_description': CMAKE_PREFIX_PATH=${CMAKE_PREFIX_PATH}:/opt/ros/lyrical DEBUGINFOD_URLS=https://debuginfod.ubuntu.com /usr/bin/cmake /home/mmazur/Prace/MecHaRo-Lab_ROSBot2Pro/ws_ros2_husarion/src/open_manipulator_x/open_manipulator_x_description -DCMAKE_INSTALL_PREFIX=/home/mmazur/Prace/MecHaRo-Lab_ROSBot2Pro/ws_ros2_husarion/install/open_manipulator_x_description
[-1789741788815923456.000s] DEBUG:colcon.colcon_core.task.python.build:Available setuptools commands: alias, easy_install, rotate, install, install_lib, sdist, egg_info, compile_catalog, extract_messages, build_scripts, install_egg_info, build, build_clib, bdist_egg, symlink_data, build_ext, build_py, develop, dist_info, install_data, bdist_rpm, bdist_dumb, editable_wheel, bdist, install_scripts, check, install_headers, init_catalog, bdist_wheel, update_catalog, clean, setopt, saveopts
[-1789741788815923456.000s] DEBUG:colcon.colcon_core.event_handler.log_command:Invoking command in '/home/mmazur/Prace/MecHaRo-Lab_ROSBot2Pro/ws_ros2_husarion/src/nav_example': DEBUGINFOD_URLS=https://debuginfod.ubuntu.com PYTHONPATH=/home/mmazur/Prace/MecHaRo-Lab_ROSBot2Pro/ws_ros2_husarion/build/nav_example/prefix_override:/usr/lib/python3/dist-packages/colcon_core/task/python/colcon_distutils_commands:/home/mmazur/Prace/MecHaRo-Lab_ROSBot2Pro/ws_ros2_husarion/install/nav_example/lib/python3.14/site-packages:${PYTHONPATH} /usr/bin/python3 -W ignore:setup.py install is deprecated -W ignore:easy_install command is deprecated setup.py egg_info --egg-base ../../build/nav_example build --build-base /home/mmazur/Prace/MecHaRo-Lab_ROSBot2Pro/ws_ros2_husarion/build/nav_example/build install --record /home/mmazur/Prace/MecHaRo-Lab_ROSBot2Pro/ws_ros2_husarion/build/nav_example/install.log --install-scripts $base/lib/nav_example --single-version-externally-managed install_data
[-1789741788815923456.000s] DEBUG:colcon.colcon_core.event_handler.log_command:Invoked command in '/home/mmazur/Prace/MecHaRo-Lab_ROSBot2Pro/ws_ros2_husarion/build/ros_components_description' returned '0': CMAKE_PREFIX_PATH=${CMAKE_PREFIX_PATH}:/opt/ros/lyrical DEBUGINFOD_URLS=https://debuginfod.ubuntu.com /usr/bin/cmake /home/mmazur/Prace/MecHaRo-Lab_ROSBot2Pro/ws_ros2_husarion/src/ros_components_description -DCMAKE_INSTALL_PREFIX=/home/mmazur/Prace/MecHaRo-Lab_ROSBot2Pro/ws_ros2_husarion/install/ros_components_description
[-1789741788815923456.000s] DEBUG:colcon.colcon_core.event_handler.log_command:Invoking command in '/home/mmazur/Prace/MecHaRo-Lab_ROSBot2Pro/ws_ros2_husarion/build/ros_components_description': CMAKE_PREFIX_PATH=${CMAKE_PREFIX_PATH}:/opt/ros/lyrical DEBUGINFOD_URLS=https://debuginfod.ubuntu.com /usr/bin/cmake --build /home/mmazur/Prace/MecHaRo-Lab_ROSBot2Pro/ws_ros2_husarion/build/ros_components_description -- -j20 -l20
[-1789741788815923456.000s] DEBUG:colcon.colcon_core.event_handler.log_command:Invoked command in '/home/mmazur/Prace/MecHaRo-Lab_ROSBot2Pro/ws_ros2_husarion/build/ros_components_description' returned '0': CMAKE_PREFIX_PATH=${CMAKE_PREFIX_PATH}:/opt/ros/lyrical DEBUGINFOD_URLS=https://debuginfod.ubuntu.com /usr/bin/cmake --build /home/mmazur/Prace/MecHaRo-Lab_ROSBot2Pro/ws_ros2_husarion/build/ros_components_description -- -j20 -l20
[-1789741788815923456.000s] DEBUG:colcon.colcon_core.event_handler.log_command:Invoking command in '/home/mmazur/Prace/MecHaRo-Lab_ROSBot2Pro/ws_ros2_husarion/build/ros_components_description': CMAKE_PREFIX_PATH=${CMAKE_PREFIX_PATH}:/opt/ros/lyrical DEBUGINFOD_URLS=https://debuginfod.ubuntu.com /usr/bin/cmake --install /home/mmazur/Prace/MecHaRo-Lab_ROSBot2Pro/ws_ros2_husarion/build/ros_components_description
[-1789741788815923456.000s] Level 1:colcon.colcon_core.environment:create_environment_scripts_only(ros_components_description)
[-1789741788815923456.000s] DEBUG:colcon.colcon_core.event_handler.log_command:Invoked command in '/home/mmazur/Prace/MecHaRo-Lab_ROSBot2Pro/ws_ros2_husarion/build/ros_components_description' returned '0': CMAKE_PREFIX_PATH=${CMAKE_PREFIX_PATH}:/opt/ros/lyrical DEBUGINFOD_URLS=https://debuginfod.ubuntu.com /usr/bin/cmake --install /home/mmazur/Prace/MecHaRo-Lab_ROSBot2Pro/ws_ros2_husarion/build/ros_components_description
[-1789741788815923456.000s] Level 1:colcon.colcon_core.environment:checking '/home/mmazur/Prace/MecHaRo-Lab_ROSBot2Pro/ws_ros2_husarion/install/ros_components_description' for CMake module files
[-1789741788815923456.000s] Level 1:colcon.colcon_core.environment:checking '/home/mmazur/Prace/MecHaRo-Lab_ROSBot2Pro/ws_ros2_husarion/install/ros_components_description' for CMake config files
[-1789741788815923456.000s] Level 1:colcon.colcon_core.shell:create_environment_hook('ros_components_description', 'cmake_prefix_path')
[-1789741788815923456.000s] INFO:colcon.colcon_core.shell:Creating environment hook '/home/mmazur/Prace/MecHaRo-Lab_ROSBot2Pro/ws_ros2_husarion/install/ros_components_description/share/ros_components_description/hook/cmake_prefix_path.ps1'
[-1789741788815923456.000s] INFO:colcon.colcon_core.shell:Creating environment descriptor '/home/mmazur/Prace/MecHaRo-Lab_ROSBot2Pro/ws_ros2_husarion/install/ros_components_description/share/ros_components_description/hook/cmake_prefix_path.dsv'
[-1789741788815923456.000s] INFO:colcon.colcon_core.shell:Creating environment hook '/home/mmazur/Prace/MecHaRo-Lab_ROSBot2Pro/ws_ros2_husarion/install/ros_components_description/share/ros_components_description/hook/cmake_prefix_path.sh'
[-1789741788815923456.000s] Level 1:colcon.colcon_core.environment:checking '/home/mmazur/Prace/MecHaRo-Lab_ROSBot2Pro/ws_ros2_husarion/install/ros_components_description/bin'
[-1789741788815923456.000s] Level 1:colcon.colcon_core.environment:checking '/home/mmazur/Prace/MecHaRo-Lab_ROSBot2Pro/ws_ros2_husarion/install/ros_components_description/lib/pkgconfig/ros_components_description.pc'
[-1789741788815923456.000s] Level 1:colcon.colcon_core.environment:checking '/home/mmazur/Prace/MecHaRo-Lab_ROSBot2Pro/ws_ros2_husarion/install/ros_components_description/lib/python3.14/site-packages'
[-1789741788815923456.000s] Level 1:colcon.colcon_core.environment:checking '/home/mmazur/Prace/MecHaRo-Lab_ROSBot2Pro/ws_ros2_husarion/install/ros_components_description/bin'
[-1789741788815923456.000s] INFO:colcon.colcon_core.shell:Creating package script '/home/mmazur/Prace/MecHaRo-Lab_ROSBot2Pro/ws_ros2_husarion/install/ros_components_description/share/ros_components_description/package.ps1'
[-1789741788815923456.000s] INFO:colcon.colcon_core.shell:Creating package descriptor '/home/mmazur/Prace/MecHaRo-Lab_ROSBot2Pro/ws_ros2_husarion/install/ros_components_description/share/ros_components_description/package.dsv'
[-1789741788815923456.000s] INFO:colcon.colcon_core.shell:Creating package script '/home/mmazur/Prace/MecHaRo-Lab_ROSBot2Pro/ws_ros2_husarion/install/ros_components_description/share/ros_components_description/package.sh'
[-1789741788815923456.000s] INFO:colcon.colcon_core.shell:Creating package script '/home/mmazur/Prace/MecHaRo-Lab_ROSBot2Pro/ws_ros2_husarion/install/ros_components_description/share/ros_components_description/package.bash'
[-1789741788815923456.000s] INFO:colcon.colcon_core.shell:Creating package script '/home/mmazur/Prace/MecHaRo-Lab_ROSBot2Pro/ws_ros2_husarion/install/ros_components_description/share/ros_components_description/package.zsh'
[-1789741788815923456.000s] Level 1:colcon.colcon_core.environment:create_file_with_runtime_dependencies(/home/mmazur/Prace/MecHaRo-Lab_ROSBot2Pro/ws_ros2_husarion/install/ros_components_description/share/colcon-core/packages/ros_components_description)
[-1789741788815923456.000s] Level 1:colcon.colcon_core.environment:create_environment_scripts_only(ros_components_description)
[-1789741788815923456.000s] Level 1:colcon.colcon_core.environment:checking '/home/mmazur/Prace/MecHaRo-Lab_ROSBot2Pro/ws_ros2_husarion/install/ros_components_description' for CMake module files
[-1789741788815923456.000s] Level 1:colcon.colcon_core.environment:checking '/home/mmazur/Prace/MecHaRo-Lab_ROSBot2Pro/ws_ros2_husarion/install/ros_components_description' for CMake config files
[-1789741788815923456.000s] Level 1:colcon.colcon_core.shell:create_environment_hook('ros_components_description', 'cmake_prefix_path')
[-1789741788815923456.000s] INFO:colcon.colcon_core.shell:Creating environment hook '/home/mmazur/Prace/MecHaRo-Lab_ROSBot2Pro/ws_ros2_husarion/install/ros_components_description/share/ros_components_description/hook/cmake_prefix_path.ps1'
[-1789741788815923456.000s] INFO:colcon.colcon_core.shell:Creating environment descriptor '/home/mmazur/Prace/MecHaRo-Lab_ROSBot2Pro/ws_ros2_husarion/install/ros_components_description/share/ros_components_description/hook/cmake_prefix_path.dsv'
[-1789741788815923456.000s] INFO:colcon.colcon_core.shell:Creating environment hook '/home/mmazur/Prace/MecHaRo-Lab_ROSBot2Pro/ws_ros2_husarion/install/ros_components_description/share/ros_components_description/hook/cmake_prefix_path.sh'
[-1789741788815923456.000s] Level 1:colcon.colcon_core.environment:checking '/home/mmazur/Prace/MecHaRo-Lab_ROSBot2Pro/ws_ros2_husarion/install/ros_components_description/bin'
[-1789741788815923456.000s] Level 1:colcon.colcon_core.environment:checking '/home/mmazur/Prace/MecHaRo-Lab_ROSBot2Pro/ws_ros2_husarion/install/ros_components_description/lib/pkgconfig/ros_components_description.pc'
[-1789741788815923456.000s] Level 1:colcon.colcon_core.environment:checking '/home/mmazur/Prace/MecHaRo-Lab_ROSBot2Pro/ws_ros2_husarion/install/ros_components_description/lib/python3.14/site-packages'
[-1789741788815923456.000s] Level 1:colcon.colcon_core.environment:checking '/home/mmazur/Prace/MecHaRo-Lab_ROSBot2Pro/ws_ros2_husarion/install/ros_components_description/bin'
[-1789741788815923456.000s] INFO:colcon.colcon_core.shell:Creating package script '/home/mmazur/Prace/MecHaRo-Lab_ROSBot2Pro/ws_ros2_husarion/install/ros_components_description/share/ros_components_description/package.ps1'
[-1789741788815923456.000s] INFO:colcon.colcon_core.shell:Creating package descriptor '/home/mmazur/Prace/MecHaRo-Lab_ROSBot2Pro/ws_ros2_husarion/install/ros_components_description/share/ros_components_description/package.dsv'
[-1789741788815923456.000s] INFO:colcon.colcon_core.shell:Creating package script '/home/mmazur/Prace/MecHaRo-Lab_ROSBot2Pro/ws_ros2_husarion/install/ros_components_description/share/ros_components_description/package.sh'
[-1789741788815923456.000s] INFO:colcon.colcon_core.shell:Creating package script '/home/mmazur/Prace/MecHaRo-Lab_ROSBot2Pro/ws_ros2_husarion/install/ros_components_description/share/ros_components_description/package.bash'
[-1789741788815923456.000s] INFO:colcon.colcon_core.shell:Creating package script '/home/mmazur/Prace/MecHaRo-Lab_ROSBot2Pro/ws_ros2_husarion/install/ros_components_description/share/ros_components_description/package.zsh'
[-1789741788815923456.000s] Level 1:colcon.colcon_core.environment:create_file_with_runtime_dependencies(/home/mmazur/Prace/MecHaRo-Lab_ROSBot2Pro/ws_ros2_husarion/install/ros_components_description/share/colcon-core/packages/ros_components_description)
[-1789741788815923456.000s] INFO:colcon.colcon_ros.task.ament_cmake.build:Building ROS package in '/home/mmazur/Prace/MecHaRo-Lab_ROSBot2Pro/ws_ros2_husarion/src/rosbot_ros/rosbot_description' with build type 'ament_cmake'
[-1789741788815923456.000s] INFO:colcon.colcon_cmake.task.cmake.build:Building CMake package in '/home/mmazur/Prace/MecHaRo-Lab_ROSBot2Pro/ws_ros2_husarion/src/rosbot_ros/rosbot_description'
[-1789741788815923456.000s] INFO:colcon.colcon_core.shell:Skip shell extension 'powershell' for command environment: Not usable outside of PowerShell
[-1789741788815923456.000s] DEBUG:colcon.colcon_core.shell:Skip shell extension 'dsv' for command environment
[-1789741788815923456.000s] INFO:colcon.colcon_ros.task.ament_cmake.build:Building ROS package in '/home/mmazur/Prace/MecHaRo-Lab_ROSBot2Pro/ws_ros2_husarion/src/rosbot_xl_ros/rosbot_xl_description' with build type 'ament_cmake'
[-1789741788815923456.000s] INFO:colcon.colcon_cmake.task.cmake.build:Building CMake package in '/home/mmazur/Prace/MecHaRo-Lab_ROSBot2Pro/ws_ros2_husarion/src/rosbot_xl_ros/rosbot_xl_description'
[-1789741788815923456.000s] INFO:colcon.colcon_core.shell:Skip shell extension 'powershell' for command environment: Not usable outside of PowerShell
[-1789741788815923456.000s] DEBUG:colcon.colcon_core.shell:Skip shell extension 'dsv' for command environment
[-1789741788815923456.000s] Level 1:colcon.colcon_core.environment:checking '/home/mmazur/Prace/MecHaRo-Lab_ROSBot2Pro/ws_ros2_husarion/install/nav_example' for CMake module files
[-1789741788815923456.000s] DEBUG:colcon.colcon_core.event_handler.log_command:Invoked command in '/home/mmazur/Prace/MecHaRo-Lab_ROSBot2Pro/ws_ros2_husarion/src/nav_example' returned '0': DEBUGINFOD_URLS=https://debuginfod.ubuntu.com PYTHONPATH=/home/mmazur/Prace/MecHaRo-Lab_ROSBot2Pro/ws_ros2_husarion/build/nav_example/prefix_override:/usr/lib/python3/dist-packages/colcon_core/task/python/colcon_distutils_commands:/home/mmazur/Prace/MecHaRo-Lab_ROSBot2Pro/ws_ros2_husarion/install/nav_example/lib/python3.14/site-packages:${PYTHONPATH} /usr/bin/python3 -W ignore:setup.py install is deprecated -W ignore:easy_install command is deprecated setup.py egg_info --egg-base ../../build/nav_example build --build-base /home/mmazur/Prace/MecHaRo-Lab_ROSBot2Pro/ws_ros2_husarion/build/nav_example/build install --record /home/mmazur/Prace/MecHaRo-Lab_ROSBot2Pro/ws_ros2_husarion/build/nav_example/install.log --install-scripts $base/lib/nav_example --single-version-externally-managed install_data
[-1789741788815923456.000s] Level 1:colcon.colcon_core.environment:checking '/home/mmazur/Prace/MecHaRo-Lab_ROSBot2Pro/ws_ros2_husarion/install/nav_example' for CMake config files
[-1789741788815923456.000s] Level 1:colcon.colcon_core.environment:checking '/home/mmazur/Prace/MecHaRo-Lab_ROSBot2Pro/ws_ros2_husarion/install/nav_example/lib'
[-1789741788815923456.000s] Level 1:colcon.colcon_core.environment:checking '/home/mmazur/Prace/MecHaRo-Lab_ROSBot2Pro/ws_ros2_husarion/install/nav_example/bin'
[-1789741788815923456.000s] Level 1:colcon.colcon_core.environment:checking '/home/mmazur/Prace/MecHaRo-Lab_ROSBot2Pro/ws_ros2_husarion/install/nav_example/lib/pkgconfig/nav_example.pc'
[-1789741788815923456.000s] Level 1:colcon.colcon_core.environment:checking '/home/mmazur/Prace/MecHaRo-Lab_ROSBot2Pro/ws_ros2_husarion/install/nav_example/lib/python3.14/site-packages'
[-1789741788815923456.000s] Level 1:colcon.colcon_core.shell:create_environment_hook('nav_example', 'pythonpath')
[-1789741788815923456.000s] INFO:colcon.colcon_core.shell:Creating environment hook '/home/mmazur/Prace/MecHaRo-Lab_ROSBot2Pro/ws_ros2_husarion/install/nav_example/share/nav_example/hook/pythonpath.ps1'
[-1789741788815923456.000s] INFO:colcon.colcon_core.shell:Creating environment descriptor '/home/mmazur/Prace/MecHaRo-Lab_ROSBot2Pro/ws_ros2_husarion/install/nav_example/share/nav_example/hook/pythonpath.dsv'
[-1789741788815923456.000s] INFO:colcon.colcon_core.shell:Creating environment hook '/home/mmazur/Prace/MecHaRo-Lab_ROSBot2Pro/ws_ros2_husarion/install/nav_example/share/nav_example/hook/pythonpath.sh'
[-1789741788815923456.000s] Level 1:colcon.colcon_core.environment:checking '/home/mmazur/Prace/MecHaRo-Lab_ROSBot2Pro/ws_ros2_husarion/install/nav_example/bin'
[-1789741788815923456.000s] Level 1:colcon.colcon_core.environment:create_environment_scripts_only(nav_example)
[-1789741788815923456.000s] INFO:colcon.colcon_core.shell:Creating package script '/home/mmazur/Prace/MecHaRo-Lab_ROSBot2Pro/ws_ros2_husarion/install/nav_example/share/nav_example/package.ps1'
[-1789741788815923456.000s] INFO:colcon.colcon_core.shell:Creating package descriptor '/home/mmazur/Prace/MecHaRo-Lab_ROSBot2Pro/ws_ros2_husarion/install/nav_example/share/nav_example/package.dsv'
[-1789741788815923456.000s] INFO:colcon.colcon_core.shell:Creating package script '/home/mmazur/Prace/MecHaRo-Lab_ROSBot2Pro/ws_ros2_husarion/install/nav_example/share/nav_example/package.sh'
[-1789741788815923456.000s] INFO:colcon.colcon_core.shell:Creating package script '/home/mmazur/Prace/MecHaRo-Lab_ROSBot2Pro/ws_ros2_husarion/install/nav_example/share/nav_example/package.bash'
[-1789741788815923456.000s] INFO:colcon.colcon_core.shell:Creating package script '/home/mmazur/Prace/MecHaRo-Lab_ROSBot2Pro/ws_ros2_husarion/install/nav_example/share/nav_example/package.zsh'
[-1789741788815923456.000s] Level 1:colcon.colcon_core.environment:create_file_with_runtime_dependencies(/home/mmazur/Prace/MecHaRo-Lab_ROSBot2Pro/ws_ros2_husarion/install/nav_example/share/colcon-core/packages/nav_example)
[-1789741788815923456.000s] DEBUG:colcon.colcon_core.event_handler.log_command:Invoking command in '/home/mmazur/Prace/MecHaRo-Lab_ROSBot2Pro/ws_ros2_husarion/build/rosbot_description': AMENT_PREFIX_PATH=/home/mmazur/Prace/MecHaRo-Lab_ROSBot2Pro/ws_ros2_husarion/install/ros_components_description:${AMENT_PREFIX_PATH} CMAKE_PREFIX_PATH=/home/mmazur/Prace/MecHaRo-Lab_ROSBot2Pro/ws_ros2_husarion/install/ros_components_description:/opt/ros/lyrical/opt/gz_sim_vendor:/opt/ros/lyrical/opt/gz_sensors_vendor:/opt/ros/lyrical/opt/gz_gui_vendor:/opt/ros/lyrical/opt/gz_transport_vendor:/opt/ros/lyrical/opt/gz_physics_vendor:/opt/ros/lyrical/opt/sdformat_vendor:/opt/ros/lyrical/opt/gz_rendering_vendor:/opt/ros/lyrical/opt/gz_plugin_vendor:/opt/ros/lyrical/opt/gz_fuel_tools_vendor:/opt/ros/lyrical/opt/gz_msgs_vendor:/opt/ros/lyrical/opt/gz_common_vendor:/opt/ros/lyrical/opt/gz_math_vendor:/opt/ros/lyrical/opt/gz_utils_vendor:/opt/ros/lyrical/opt/gz_tools_vendor:/opt/ros/lyrical/opt/gz_ogre_next_vendor:/opt/ros/lyrical/opt/gz_dartsim_vendor:/opt/ros/lyrical/opt/gz_cmake_vendor:/opt/ros/lyrical DEBUGINFOD_URLS=https://debuginfod.ubuntu.com /usr/bin/cmake /home/mmazur/Prace/MecHaRo-Lab_ROSBot2Pro/ws_ros2_husarion/src/rosbot_ros/rosbot_description -DCMAKE_INSTALL_PREFIX=/home/mmazur/Prace/MecHaRo-Lab_ROSBot2Pro/ws_ros2_husarion/install/rosbot_description
[-1789741788815923456.000s] DEBUG:colcon.colcon_core.event_handler.log_command:Invoking command in '/home/mmazur/Prace/MecHaRo-Lab_ROSBot2Pro/ws_ros2_husarion/build/rosbot_xl_description': AMENT_PREFIX_PATH=/home/mmazur/Prace/MecHaRo-Lab_ROSBot2Pro/ws_ros2_husarion/install/ros_components_description:${AMENT_PREFIX_PATH} CMAKE_PREFIX_PATH=/home/mmazur/Prace/MecHaRo-Lab_ROSBot2Pro/ws_ros2_husarion/install/ros_components_description:/opt/ros/lyrical/opt/gz_sim_vendor:/opt/ros/lyrical/opt/gz_sensors_vendor:/opt/ros/lyrical/opt/gz_gui_vendor:/opt/ros/lyrical/opt/gz_transport_vendor:/opt/ros/lyrical/opt/gz_physics_vendor:/opt/ros/lyrical/opt/sdformat_vendor:/opt/ros/lyrical/opt/gz_rendering_vendor:/opt/ros/lyrical/opt/gz_plugin_vendor:/opt/ros/lyrical/opt/gz_fuel_tools_vendor:/opt/ros/lyrical/opt/gz_msgs_vendor:/opt/ros/lyrical/opt/gz_common_vendor:/opt/ros/lyrical/opt/gz_math_vendor:/opt/ros/lyrical/opt/gz_utils_vendor:/opt/ros/lyrical/opt/gz_tools_vendor:/opt/ros/lyrical/opt/gz_ogre_next_vendor:/opt/ros/lyrical/opt/gz_dartsim_vendor:/opt/ros/lyrical/opt/gz_cmake_vendor:/opt/ros/lyrical DEBUGINFOD_URLS=https://debuginfod.ubuntu.com /usr/bin/cmake /home/mmazur/Prace/MecHaRo-Lab_ROSBot2Pro/ws_ros2_husarion/src/rosbot_xl_ros/rosbot_xl_description -DCMAKE_INSTALL_PREFIX=/home/mmazur/Prace/MecHaRo-Lab_ROSBot2Pro/ws_ros2_husarion/install/rosbot_xl_description
[-1789741788815923456.000s] DEBUG:colcon.colcon_core.event_handler.log_command:Invoked command in '/home/mmazur/Prace/MecHaRo-Lab_ROSBot2Pro/ws_ros2_husarion/build/open_manipulator_x_description' returned '0': CMAKE_PREFIX_PATH=${CMAKE_PREFIX_PATH}:/opt/ros/lyrical DEBUGINFOD_URLS=https://debuginfod.ubuntu.com /usr/bin/cmake /home/mmazur/Prace/MecHaRo-Lab_ROSBot2Pro/ws_ros2_husarion/src/open_manipulator_x/open_manipulator_x_description -DCMAKE_INSTALL_PREFIX=/home/mmazur/Prace/MecHaRo-Lab_ROSBot2Pro/ws_ros2_husarion/install/open_manipulator_x_description
[-1789741788815923456.000s] DEBUG:colcon.colcon_core.event_handler.log_command:Invoking command in '/home/mmazur/Prace/MecHaRo-Lab_ROSBot2Pro/ws_ros2_husarion/build/open_manipulator_x_description': CMAKE_PREFIX_PATH=${CMAKE_PREFIX_PATH}:/opt/ros/lyrical DEBUGINFOD_URLS=https://debuginfod.ubuntu.com /usr/bin/cmake --build /home/mmazur/Prace/MecHaRo-Lab_ROSBot2Pro/ws_ros2_husarion/build/open_manipulator_x_description -- -j20 -l20
[-1789741788815923456.000s] DEBUG:colcon.colcon_core.event_handler.log_command:Invoked command in '/home/mmazur/Prace/MecHaRo-Lab_ROSBot2Pro/ws_ros2_husarion/build/open_manipulator_x_description' returned '0': CMAKE_PREFIX_PATH=${CMAKE_PREFIX_PATH}:/opt/ros/lyrical DEBUGINFOD_URLS=https://debuginfod.ubuntu.com /usr/bin/cmake --build /home/mmazur/Prace/MecHaRo-Lab_ROSBot2Pro/ws_ros2_husarion/build/open_manipulator_x_description -- -j20 -l20
[-1789741788815923456.000s] DEBUG:colcon.colcon_core.event_handler.log_command:Invoking command in '/home/mmazur/Prace/MecHaRo-Lab_ROSBot2Pro/ws_ros2_husarion/build/open_manipulator_x_description': CMAKE_PREFIX_PATH=${CMAKE_PREFIX_PATH}:/opt/ros/lyrical DEBUGINFOD_URLS=https://debuginfod.ubuntu.com /usr/bin/cmake --install /home/mmazur/Prace/MecHaRo-Lab_ROSBot2Pro/ws_ros2_husarion/build/open_manipulator_x_description
[-1789741788815923456.000s] Level 1:colcon.colcon_core.environment:create_environment_scripts_only(open_manipulator_x_description)
[-1789741788815923456.000s] Level 1:colcon.colcon_core.environment:checking '/home/mmazur/Prace/MecHaRo-Lab_ROSBot2Pro/ws_ros2_husarion/install/open_manipulator_x_description' for CMake module files
[-1789741788815923456.000s] DEBUG:colcon.colcon_core.event_handler.log_command:Invoked command in '/home/mmazur/Prace/MecHaRo-Lab_ROSBot2Pro/ws_ros2_husarion/build/open_manipulator_x_description' returned '0': CMAKE_PREFIX_PATH=${CMAKE_PREFIX_PATH}:/opt/ros/lyrical DEBUGINFOD_URLS=https://debuginfod.ubuntu.com /usr/bin/cmake --install /home/mmazur/Prace/MecHaRo-Lab_ROSBot2Pro/ws_ros2_husarion/build/open_manipulator_x_description
[-1789741788815923456.000s] Level 1:colcon.colcon_core.environment:checking '/home/mmazur/Prace/MecHaRo-Lab_ROSBot2Pro/ws_ros2_husarion/install/open_manipulator_x_description' for CMake config files
[-1789741788815923456.000s] Level 1:colcon.colcon_core.shell:create_environment_hook('open_manipulator_x_description', 'cmake_prefix_path')
[-1789741788815923456.000s] INFO:colcon.colcon_core.shell:Creating environment hook '/home/mmazur/Prace/MecHaRo-Lab_ROSBot2Pro/ws_ros2_husarion/install/open_manipulator_x_description/share/open_manipulator_x_description/hook/cmake_prefix_path.ps1'
[-1789741788815923456.000s] INFO:colcon.colcon_core.shell:Creating environment descriptor '/home/mmazur/Prace/MecHaRo-Lab_ROSBot2Pro/ws_ros2_husarion/install/open_manipulator_x_description/share/open_manipulator_x_description/hook/cmake_prefix_path.dsv'
[-1789741788815923456.000s] INFO:colcon.colcon_core.shell:Creating environment hook '/home/mmazur/Prace/MecHaRo-Lab_ROSBot2Pro/ws_ros2_husarion/install/open_manipulator_x_description/share/open_manipulator_x_description/hook/cmake_prefix_path.sh'
[-1789741788815923456.000s] Level 1:colcon.colcon_core.environment:checking '/home/mmazur/Prace/MecHaRo-Lab_ROSBot2Pro/ws_ros2_husarion/install/open_manipulator_x_description/bin'
[-1789741788815923456.000s] Level 1:colcon.colcon_core.environment:checking '/home/mmazur/Prace/MecHaRo-Lab_ROSBot2Pro/ws_ros2_husarion/install/open_manipulator_x_description/lib/pkgconfig/open_manipulator_x_description.pc'
[-1789741788815923456.000s] Level 1:colcon.colcon_core.environment:checking '/home/mmazur/Prace/MecHaRo-Lab_ROSBot2Pro/ws_ros2_husarion/install/open_manipulator_x_description/lib/python3.14/site-packages'
[-1789741788815923456.000s] Level 1:colcon.colcon_core.environment:checking '/home/mmazur/Prace/MecHaRo-Lab_ROSBot2Pro/ws_ros2_husarion/install/open_manipulator_x_description/bin'
[-1789741788815923456.000s] INFO:colcon.colcon_core.shell:Creating package script '/home/mmazur/Prace/MecHaRo-Lab_ROSBot2Pro/ws_ros2_husarion/install/open_manipulator_x_description/share/open_manipulator_x_description/package.ps1'
[-1789741788815923456.000s] INFO:colcon.colcon_core.shell:Creating package descriptor '/home/mmazur/Prace/MecHaRo-Lab_ROSBot2Pro/ws_ros2_husarion/install/open_manipulator_x_description/share/open_manipulator_x_description/package.dsv'
[-1789741788815923456.000s] INFO:colcon.colcon_core.shell:Creating package script '/home/mmazur/Prace/MecHaRo-Lab_ROSBot2Pro/ws_ros2_husarion/install/open_manipulator_x_description/share/open_manipulator_x_description/package.sh'
[-1789741788815923456.000s] INFO:colcon.colcon_core.shell:Creating package script '/home/mmazur/Prace/MecHaRo-Lab_ROSBot2Pro/ws_ros2_husarion/install/open_manipulator_x_description/share/open_manipulator_x_description/package.bash'
[-1789741788815923456.000s] INFO:colcon.colcon_core.shell:Creating package script '/home/mmazur/Prace/MecHaRo-Lab_ROSBot2Pro/ws_ros2_husarion/install/open_manipulator_x_description/share/open_manipulator_x_description/package.zsh'
[-1789741788815923456.000s] Level 1:colcon.colcon_core.environment:create_file_with_runtime_dependencies(/home/mmazur/Prace/MecHaRo-Lab_ROSBot2Pro/ws_ros2_husarion/install/open_manipulator_x_description/share/colcon-core/packages/open_manipulator_x_description)
[-1789741788815923456.000s] Level 1:colcon.colcon_core.environment:create_environment_scripts_only(open_manipulator_x_description)
[-1789741788815923456.000s] Level 1:colcon.colcon_core.environment:checking '/home/mmazur/Prace/MecHaRo-Lab_ROSBot2Pro/ws_ros2_husarion/install/open_manipulator_x_description' for CMake module files
[-1789741788815923456.000s] Level 1:colcon.colcon_core.environment:checking '/home/mmazur/Prace/MecHaRo-Lab_ROSBot2Pro/ws_ros2_husarion/install/open_manipulator_x_description' for CMake config files
[-1789741788815923456.000s] Level 1:colcon.colcon_core.shell:create_environment_hook('open_manipulator_x_description', 'cmake_prefix_path')
[-1789741788815923456.000s] INFO:colcon.colcon_core.shell:Creating environment hook '/home/mmazur/Prace/MecHaRo-Lab_ROSBot2Pro/ws_ros2_husarion/install/open_manipulator_x_description/share/open_manipulator_x_description/hook/cmake_prefix_path.ps1'
[-1789741788815923456.000s] INFO:colcon.colcon_core.shell:Creating environment descriptor '/home/mmazur/Prace/MecHaRo-Lab_ROSBot2Pro/ws_ros2_husarion/install/open_manipulator_x_description/share/open_manipulator_x_description/hook/cmake_prefix_path.dsv'
[-1789741788815923456.000s] INFO:colcon.colcon_core.shell:Creating environment hook '/home/mmazur/Prace/MecHaRo-Lab_ROSBot2Pro/ws_ros2_husarion/install/open_manipulator_x_description/share/open_manipulator_x_description/hook/cmake_prefix_path.sh'
[-1789741788815923456.000s] Level 1:colcon.colcon_core.environment:checking '/home/mmazur/Prace/MecHaRo-Lab_ROSBot2Pro/ws_ros2_husarion/install/open_manipulator_x_description/bin'
[-1789741788815923456.000s] Level 1:colcon.colcon_core.environment:checking '/home/mmazur/Prace/MecHaRo-Lab_ROSBot2Pro/ws_ros2_husarion/install/open_manipulator_x_description/lib/pkgconfig/open_manipulator_x_description.pc'
[-1789741788815923456.000s] Level 1:colcon.colcon_core.environment:checking '/home/mmazur/Prace/MecHaRo-Lab_ROSBot2Pro/ws_ros2_husarion/install/open_manipulator_x_description/lib/python3.14/site-packages'
[-1789741788815923456.000s] Level 1:colcon.colcon_core.environment:checking '/home/mmazur/Prace/MecHaRo-Lab_ROSBot2Pro/ws_ros2_husarion/install/open_manipulator_x_description/bin'
[-1789741788815923456.000s] INFO:colcon.colcon_core.shell:Creating package script '/home/mmazur/Prace/MecHaRo-Lab_ROSBot2Pro/ws_ros2_husarion/install/open_manipulator_x_description/share/open_manipulator_x_description/package.ps1'
[-1789741788815923456.000s] INFO:colcon.colcon_core.shell:Creating package descriptor '/home/mmazur/Prace/MecHaRo-Lab_ROSBot2Pro/ws_ros2_husarion/install/open_manipulator_x_description/share/open_manipulator_x_description/package.dsv'
[-1789741788815923456.000s] INFO:colcon.colcon_core.shell:Creating package script '/home/mmazur/Prace/MecHaRo-Lab_ROSBot2Pro/ws_ros2_husarion/install/open_manipulator_x_description/share/open_manipulator_x_description/package.sh'
[-1789741788815923456.000s] INFO:colcon.colcon_core.shell:Creating package script '/home/mmazur/Prace/MecHaRo-Lab_ROSBot2Pro/ws_ros2_husarion/install/open_manipulator_x_description/share/open_manipulator_x_description/package.bash'
[-1789741788815923456.000s] INFO:colcon.colcon_core.shell:Creating package script '/home/mmazur/Prace/MecHaRo-Lab_ROSBot2Pro/ws_ros2_husarion/install/open_manipulator_x_description/share/open_manipulator_x_description/package.zsh'
[-1789741788815923456.000s] Level 1:colcon.colcon_core.environment:create_file_with_runtime_dependencies(/home/mmazur/Prace/MecHaRo-Lab_ROSBot2Pro/ws_ros2_husarion/install/open_manipulator_x_description/share/colcon-core/packages/open_manipulator_x_description)
[-1789741788815923456.000s] DEBUG:colcon.colcon_core.event_handler.log_command:Invoked command in '/home/mmazur/Prace/MecHaRo-Lab_ROSBot2Pro/ws_ros2_husarion/build/rosbot_xl_description' returned '0': AMENT_PREFIX_PATH=/home/mmazur/Prace/MecHaRo-Lab_ROSBot2Pro/ws_ros2_husarion/install/ros_components_description:${AMENT_PREFIX_PATH} CMAKE_PREFIX_PATH=/home/mmazur/Prace/MecHaRo-Lab_ROSBot2Pro/ws_ros2_husarion/install/ros_components_description:/opt/ros/lyrical/opt/gz_sim_vendor:/opt/ros/lyrical/opt/gz_sensors_vendor:/opt/ros/lyrical/opt/gz_gui_vendor:/opt/ros/lyrical/opt/gz_transport_vendor:/opt/ros/lyrical/opt/gz_physics_vendor:/opt/ros/lyrical/opt/sdformat_vendor:/opt/ros/lyrical/opt/gz_rendering_vendor:/opt/ros/lyrical/opt/gz_plugin_vendor:/opt/ros/lyrical/opt/gz_fuel_tools_vendor:/opt/ros/lyrical/opt/gz_msgs_vendor:/opt/ros/lyrical/opt/gz_common_vendor:/opt/ros/lyrical/opt/gz_math_vendor:/opt/ros/lyrical/opt/gz_utils_vendor:/opt/ros/lyrical/opt/gz_tools_vendor:/opt/ros/lyrical/opt/gz_ogre_next_vendor:/opt/ros/lyrical/opt/gz_dartsim_vendor:/opt/ros/lyrical/opt/gz_cmake_vendor:/opt/ros/lyrical DEBUGINFOD_URLS=https://debuginfod.ubuntu.com /usr/bin/cmake /home/mmazur/Prace/MecHaRo-Lab_ROSBot2Pro/ws_ros2_husarion/src/rosbot_xl_ros/rosbot_xl_description -DCMAKE_INSTALL_PREFIX=/home/mmazur/Prace/MecHaRo-Lab_ROSBot2Pro/ws_ros2_husarion/install/rosbot_xl_description
[-1789741788815923456.000s] DEBUG:colcon.colcon_core.event_handler.log_command:Invoking command in '/home/mmazur/Prace/MecHaRo-Lab_ROSBot2Pro/ws_ros2_husarion/build/rosbot_xl_description': AMENT_PREFIX_PATH=/home/mmazur/Prace/MecHaRo-Lab_ROSBot2Pro/ws_ros2_husarion/install/ros_components_description:${AMENT_PREFIX_PATH} CMAKE_PREFIX_PATH=/home/mmazur/Prace/MecHaRo-Lab_ROSBot2Pro/ws_ros2_husarion/install/ros_components_description:/opt/ros/lyrical/opt/gz_sim_vendor:/opt/ros/lyrical/opt/gz_sensors_vendor:/opt/ros/lyrical/opt/gz_gui_vendor:/opt/ros/lyrical/opt/gz_transport_vendor:/opt/ros/lyrical/opt/gz_physics_vendor:/opt/ros/lyrical/opt/sdformat_vendor:/opt/ros/lyrical/opt/gz_rendering_vendor:/opt/ros/lyrical/opt/gz_plugin_vendor:/opt/ros/lyrical/opt/gz_fuel_tools_vendor:/opt/ros/lyrical/opt/gz_msgs_vendor:/opt/ros/lyrical/opt/gz_common_vendor:/opt/ros/lyrical/opt/gz_math_vendor:/opt/ros/lyrical/opt/gz_utils_vendor:/opt/ros/lyrical/opt/gz_tools_vendor:/opt/ros/lyrical/opt/gz_ogre_next_vendor:/opt/ros/lyrical/opt/gz_dartsim_vendor:/opt/ros/lyrical/opt/gz_cmake_vendor:/opt/ros/lyrical DEBUGINFOD_URLS=https://debuginfod.ubuntu.com /usr/bin/cmake --build /home/mmazur/Prace/MecHaRo-Lab_ROSBot2Pro/ws_ros2_husarion/build/rosbot_xl_description -- -j20 -l20
[-1789741788815923456.000s] DEBUG:colcon.colcon_core.event_handler.log_command:Invoked command in '/home/mmazur/Prace/MecHaRo-Lab_ROSBot2Pro/ws_ros2_husarion/build/rosbot_description' returned '0': AMENT_PREFIX_PATH=/home/mmazur/Prace/MecHaRo-Lab_ROSBot2Pro/ws_ros2_husarion/install/ros_components_description:${AMENT_PREFIX_PATH} CMAKE_PREFIX_PATH=/home/mmazur/Prace/MecHaRo-Lab_ROSBot2Pro/ws_ros2_husarion/install/ros_components_description:/opt/ros/lyrical/opt/gz_sim_vendor:/opt/ros/lyrical/opt/gz_sensors_vendor:/opt/ros/lyrical/opt/gz_gui_vendor:/opt/ros/lyrical/opt/gz_transport_vendor:/opt/ros/lyrical/opt/gz_physics_vendor:/opt/ros/lyrical/opt/sdformat_vendor:/opt/ros/lyrical/opt/gz_rendering_vendor:/opt/ros/lyrical/opt/gz_plugin_vendor:/opt/ros/lyrical/opt/gz_fuel_tools_vendor:/opt/ros/lyrical/opt/gz_msgs_vendor:/opt/ros/lyrical/opt/gz_common_vendor:/opt/ros/lyrical/opt/gz_math_vendor:/opt/ros/lyrical/opt/gz_utils_vendor:/opt/ros/lyrical/opt/gz_tools_vendor:/opt/ros/lyrical/opt/gz_ogre_next_vendor:/opt/ros/lyrical/opt/gz_dartsim_vendor:/opt/ros/lyrical/opt/gz_cmake_vendor:/opt/ros/lyrical DEBUGINFOD_URLS=https://debuginfod.ubuntu.com /usr/bin/cmake /home/mmazur/Prace/MecHaRo-Lab_ROSBot2Pro/ws_ros2_husarion/src/rosbot_ros/rosbot_description -DCMAKE_INSTALL_PREFIX=/home/mmazur/Prace/MecHaRo-Lab_ROSBot2Pro/ws_ros2_husarion/install/rosbot_description
[-1789741788815923456.000s] DEBUG:colcon.colcon_core.event_handler.log_command:Invoking command in '/home/mmazur/Prace/MecHaRo-Lab_ROSBot2Pro/ws_ros2_husarion/build/rosbot_description': AMENT_PREFIX_PATH=/home/mmazur/Prace/MecHaRo-Lab_ROSBot2Pro/ws_ros2_husarion/install/ros_components_description:${AMENT_PREFIX_PATH} CMAKE_PREFIX_PATH=/home/mmazur/Prace/MecHaRo-Lab_ROSBot2Pro/ws_ros2_husarion/install/ros_components_description:/opt/ros/lyrical/opt/gz_sim_vendor:/opt/ros/lyrical/opt/gz_sensors_vendor:/opt/ros/lyrical/opt/gz_gui_vendor:/opt/ros/lyrical/opt/gz_transport_vendor:/opt/ros/lyrical/opt/gz_physics_vendor:/opt/ros/lyrical/opt/sdformat_vendor:/opt/ros/lyrical/opt/gz_rendering_vendor:/opt/ros/lyrical/opt/gz_plugin_vendor:/opt/ros/lyrical/opt/gz_fuel_tools_vendor:/opt/ros/lyrical/opt/gz_msgs_vendor:/opt/ros/lyrical/opt/gz_common_vendor:/opt/ros/lyrical/opt/gz_math_vendor:/opt/ros/lyrical/opt/gz_utils_vendor:/opt/ros/lyrical/opt/gz_tools_vendor:/opt/ros/lyrical/opt/gz_ogre_next_vendor:/opt/ros/lyrical/opt/gz_dartsim_vendor:/opt/ros/lyrical/opt/gz_cmake_vendor:/opt/ros/lyrical DEBUGINFOD_URLS=https://debuginfod.ubuntu.com /usr/bin/cmake --build /home/mmazur/Prace/MecHaRo-Lab_ROSBot2Pro/ws_ros2_husarion/build/rosbot_description -- -j20 -l20
[-1789741788815923456.000s] DEBUG:colcon.colcon_core.event_handler.log_command:Invoked command in '/home/mmazur/Prace/MecHaRo-Lab_ROSBot2Pro/ws_ros2_husarion/build/rosbot_description' returned '0': AMENT_PREFIX_PATH=/home/mmazur/Prace/MecHaRo-Lab_ROSBot2Pro/ws_ros2_husarion/install/ros_components_description:${AMENT_PREFIX_PATH} CMAKE_PREFIX_PATH=/home/mmazur/Prace/MecHaRo-Lab_ROSBot2Pro/ws_ros2_husarion/install/ros_components_description:/opt/ros/lyrical/opt/gz_sim_vendor:/opt/ros/lyrical/opt/gz_sensors_vendor:/opt/ros/lyrical/opt/gz_gui_vendor:/opt/ros/lyrical/opt/gz_transport_vendor:/opt/ros/lyrical/opt/gz_physics_vendor:/opt/ros/lyrical/opt/sdformat_vendor:/opt/ros/lyrical/opt/gz_rendering_vendor:/opt/ros/lyrical/opt/gz_plugin_vendor:/opt/ros/lyrical/opt/gz_fuel_tools_vendor:/opt/ros/lyrical/opt/gz_msgs_vendor:/opt/ros/lyrical/opt/gz_common_vendor:/opt/ros/lyrical/opt/gz_math_vendor:/opt/ros/lyrical/opt/gz_utils_vendor:/opt/ros/lyrical/opt/gz_tools_vendor:/opt/ros/lyrical/opt/gz_ogre_next_vendor:/opt/ros/lyrical/opt/gz_dartsim_vendor:/opt/ros/lyrical/opt/gz_cmake_vendor:/opt/ros/lyrical DEBUGINFOD_URLS=https://debuginfod.ubuntu.com /usr/bin/cmake --build /home/mmazur/Prace/MecHaRo-Lab_ROSBot2Pro/ws_ros2_husarion/build/rosbot_description -- -j20 -l20
[-1789741788815923456.000s] DEBUG:colcon.colcon_core.event_handler.log_command:Invoking command in '/home/mmazur/Prace/MecHaRo-Lab_ROSBot2Pro/ws_ros2_husarion/build/rosbot_description': AMENT_PREFIX_PATH=/home/mmazur/Prace/MecHaRo-Lab_ROSBot2Pro/ws_ros2_husarion/install/ros_components_description:${AMENT_PREFIX_PATH} CMAKE_PREFIX_PATH=/home/mmazur/Prace/MecHaRo-Lab_ROSBot2Pro/ws_ros2_husarion/install/ros_components_description:/opt/ros/lyrical/opt/gz_sim_vendor:/opt/ros/lyrical/opt/gz_sensors_vendor:/opt/ros/lyrical/opt/gz_gui_vendor:/opt/ros/lyrical/opt/gz_transport_vendor:/opt/ros/lyrical/opt/gz_physics_vendor:/opt/ros/lyrical/opt/sdformat_vendor:/opt/ros/lyrical/opt/gz_rendering_vendor:/opt/ros/lyrical/opt/gz_plugin_vendor:/opt/ros/lyrical/opt/gz_fuel_tools_vendor:/opt/ros/lyrical/opt/gz_msgs_vendor:/opt/ros/lyrical/opt/gz_common_vendor:/opt/ros/lyrical/opt/gz_math_vendor:/opt/ros/lyrical/opt/gz_utils_vendor:/opt/ros/lyrical/opt/gz_tools_vendor:/opt/ros/lyrical/opt/gz_ogre_next_vendor:/opt/ros/lyrical/opt/gz_dartsim_vendor:/opt/ros/lyrical/opt/gz_cmake_vendor:/opt/ros/lyrical DEBUGINFOD_URLS=https://debuginfod.ubuntu.com /usr/bin/cmake --install /home/mmazur/Prace/MecHaRo-Lab_ROSBot2Pro/ws_ros2_husarion/build/rosbot_description
[-1789741788815923456.000s] DEBUG:colcon.colcon_core.event_handler.log_command:Invoked command in '/home/mmazur/Prace/MecHaRo-Lab_ROSBot2Pro/ws_ros2_husarion/build/rosbot_xl_description' returned '0': AMENT_PREFIX_PATH=/home/mmazur/Prace/MecHaRo-Lab_ROSBot2Pro/ws_ros2_husarion/install/ros_components_description:${AMENT_PREFIX_PATH} CMAKE_PREFIX_PATH=/home/mmazur/Prace/MecHaRo-Lab_ROSBot2Pro/ws_ros2_husarion/install/ros_components_description:/opt/ros/lyrical/opt/gz_sim_vendor:/opt/ros/lyrical/opt/gz_sensors_vendor:/opt/ros/lyrical/opt/gz_gui_vendor:/opt/ros/lyrical/opt/gz_transport_vendor:/opt/ros/lyrical/opt/gz_physics_vendor:/opt/ros/lyrical/opt/sdformat_vendor:/opt/ros/lyrical/opt/gz_rendering_vendor:/opt/ros/lyrical/opt/gz_plugin_vendor:/opt/ros/lyrical/opt/gz_fuel_tools_vendor:/opt/ros/lyrical/opt/gz_msgs_vendor:/opt/ros/lyrical/opt/gz_common_vendor:/opt/ros/lyrical/opt/gz_math_vendor:/opt/ros/lyrical/opt/gz_utils_vendor:/opt/ros/lyrical/opt/gz_tools_vendor:/opt/ros/lyrical/opt/gz_ogre_next_vendor:/opt/ros/lyrical/opt/gz_dartsim_vendor:/opt/ros/lyrical/opt/gz_cmake_vendor:/opt/ros/lyrical DEBUGINFOD_URLS=https://debuginfod.ubuntu.com /usr/bin/cmake --build /home/mmazur/Prace/MecHaRo-Lab_ROSBot2Pro/ws_ros2_husarion/build/rosbot_xl_description -- -j20 -l20
[-1789741788815923456.000s] DEBUG:colcon.colcon_core.event_handler.log_command:Invoking command in '/home/mmazur/Prace/MecHaRo-Lab_ROSBot2Pro/ws_ros2_husarion/build/rosbot_xl_description': AMENT_PREFIX_PATH=/home/mmazur/Prace/MecHaRo-Lab_ROSBot2Pro/ws_ros2_husarion/install/ros_components_description:${AMENT_PREFIX_PATH} CMAKE_PREFIX_PATH=/home/mmazur/Prace/MecHaRo-Lab_ROSBot2Pro/ws_ros2_husarion/install/ros_components_description:/opt/ros/lyrical/opt/gz_sim_vendor:/opt/ros/lyrical/opt/gz_sensors_vendor:/opt/ros/lyrical/opt/gz_gui_vendor:/opt/ros/lyrical/opt/gz_transport_vendor:/opt/ros/lyrical/opt/gz_physics_vendor:/opt/ros/lyrical/opt/sdformat_vendor:/opt/ros/lyrical/opt/gz_rendering_vendor:/opt/ros/lyrical/opt/gz_plugin_vendor:/opt/ros/lyrical/opt/gz_fuel_tools_vendor:/opt/ros/lyrical/opt/gz_msgs_vendor:/opt/ros/lyrical/opt/gz_common_vendor:/opt/ros/lyrical/opt/gz_math_vendor:/opt/ros/lyrical/opt/gz_utils_vendor:/opt/ros/lyrical/opt/gz_tools_vendor:/opt/ros/lyrical/opt/gz_ogre_next_vendor:/opt/ros/lyrical/opt/gz_dartsim_vendor:/opt/ros/lyrical/opt/gz_cmake_vendor:/opt/ros/lyrical DEBUGINFOD_URLS=https://debuginfod.ubuntu.com /usr/bin/cmake --install /home/mmazur/Prace/MecHaRo-Lab_ROSBot2Pro/ws_ros2_husarion/build/rosbot_xl_description
[-1789741788815923456.000s] Level 1:colcon.colcon_core.environment:create_environment_scripts_only(rosbot_description)
[-1789741788815923456.000s] Level 1:colcon.colcon_core.environment:checking '/home/mmazur/Prace/MecHaRo-Lab_ROSBot2Pro/ws_ros2_husarion/install/rosbot_description' for CMake module files
[-1789741788815923456.000s] DEBUG:colcon.colcon_core.event_handler.log_command:Invoked command in '/home/mmazur/Prace/MecHaRo-Lab_ROSBot2Pro/ws_ros2_husarion/build/rosbot_description' returned '0': AMENT_PREFIX_PATH=/home/mmazur/Prace/MecHaRo-Lab_ROSBot2Pro/ws_ros2_husarion/install/ros_components_description:${AMENT_PREFIX_PATH} CMAKE_PREFIX_PATH=/home/mmazur/Prace/MecHaRo-Lab_ROSBot2Pro/ws_ros2_husarion/install/ros_components_description:/opt/ros/lyrical/opt/gz_sim_vendor:/opt/ros/lyrical/opt/gz_sensors_vendor:/opt/ros/lyrical/opt/gz_gui_vendor:/opt/ros/lyrical/opt/gz_transport_vendor:/opt/ros/lyrical/opt/gz_physics_vendor:/opt/ros/lyrical/opt/sdformat_vendor:/opt/ros/lyrical/opt/gz_rendering_vendor:/opt/ros/lyrical/opt/gz_plugin_vendor:/opt/ros/lyrical/opt/gz_fuel_tools_vendor:/opt/ros/lyrical/opt/gz_msgs_vendor:/opt/ros/lyrical/opt/gz_common_vendor:/opt/ros/lyrical/opt/gz_math_vendor:/opt/ros/lyrical/opt/gz_utils_vendor:/opt/ros/lyrical/opt/gz_tools_vendor:/opt/ros/lyrical/opt/gz_ogre_next_vendor:/opt/ros/lyrical/opt/gz_dartsim_vendor:/opt/ros/lyrical/opt/gz_cmake_vendor:/opt/ros/lyrical DEBUGINFOD_URLS=https://debuginfod.ubuntu.com /usr/bin/cmake --install /home/mmazur/Prace/MecHaRo-Lab_ROSBot2Pro/ws_ros2_husarion/build/rosbot_description
[-1789741788815923456.000s] Level 1:colcon.colcon_core.environment:checking '/home/mmazur/Prace/MecHaRo-Lab_ROSBot2Pro/ws_ros2_husarion/install/rosbot_description' for CMake config files
[-1789741788815923456.000s] Level 1:colcon.colcon_core.shell:create_environment_hook('rosbot_description', 'cmake_prefix_path')
[-1789741788815923456.000s] INFO:colcon.colcon_core.shell:Creating environment hook '/home/mmazur/Prace/MecHaRo-Lab_ROSBot2Pro/ws_ros2_husarion/install/rosbot_description/share/rosbot_description/hook/cmake_prefix_path.ps1'
[-1789741788815923456.000s] INFO:colcon.colcon_core.shell:Creating environment descriptor '/home/mmazur/Prace/MecHaRo-Lab_ROSBot2Pro/ws_ros2_husarion/install/rosbot_description/share/rosbot_description/hook/cmake_prefix_path.dsv'
[-1789741788815923456.000s] INFO:colcon.colcon_core.shell:Creating environment hook '/home/mmazur/Prace/MecHaRo-Lab_ROSBot2Pro/ws_ros2_husarion/install/rosbot_description/share/rosbot_description/hook/cmake_prefix_path.sh'
[-1789741788815923456.000s] Level 1:colcon.colcon_core.environment:checking '/home/mmazur/Prace/MecHaRo-Lab_ROSBot2Pro/ws_ros2_husarion/install/rosbot_description/bin'
[-1789741788815923456.000s] Level 1:colcon.colcon_core.environment:checking '/home/mmazur/Prace/MecHaRo-Lab_ROSBot2Pro/ws_ros2_husarion/install/rosbot_description/lib/pkgconfig/rosbot_description.pc'
[-1789741788815923456.000s] Level 1:colcon.colcon_core.environment:checking '/home/mmazur/Prace/MecHaRo-Lab_ROSBot2Pro/ws_ros2_husarion/install/rosbot_description/lib/python3.14/site-packages'
[-1789741788815923456.000s] Level 1:colcon.colcon_core.environment:checking '/home/mmazur/Prace/MecHaRo-Lab_ROSBot2Pro/ws_ros2_husarion/install/rosbot_description/bin'
[-1789741788815923456.000s] INFO:colcon.colcon_core.shell:Creating package script '/home/mmazur/Prace/MecHaRo-Lab_ROSBot2Pro/ws_ros2_husarion/install/rosbot_description/share/rosbot_description/package.ps1'
[-1789741788815923456.000s] INFO:colcon.colcon_core.shell:Creating package descriptor '/home/mmazur/Prace/MecHaRo-Lab_ROSBot2Pro/ws_ros2_husarion/install/rosbot_description/share/rosbot_description/package.dsv'
[-1789741788815923456.000s] INFO:colcon.colcon_core.shell:Creating package script '/home/mmazur/Prace/MecHaRo-Lab_ROSBot2Pro/ws_ros2_husarion/install/rosbot_description/share/rosbot_description/package.sh'
[-1789741788815923456.000s] INFO:colcon.colcon_core.shell:Creating package script '/home/mmazur/Prace/MecHaRo-Lab_ROSBot2Pro/ws_ros2_husarion/install/rosbot_description/share/rosbot_description/package.bash'
[-1789741788815923456.000s] INFO:colcon.colcon_core.shell:Creating package script '/home/mmazur/Prace/MecHaRo-Lab_ROSBot2Pro/ws_ros2_husarion/install/rosbot_description/share/rosbot_description/package.zsh'
[-1789741788815923456.000s] Level 1:colcon.colcon_core.environment:create_file_with_runtime_dependencies(/home/mmazur/Prace/MecHaRo-Lab_ROSBot2Pro/ws_ros2_husarion/install/rosbot_description/share/colcon-core/packages/rosbot_description)
[-1789741788815923456.000s] Level 1:colcon.colcon_core.environment:create_environment_scripts_only(rosbot_description)
[-1789741788815923456.000s] Level 1:colcon.colcon_core.environment:checking '/home/mmazur/Prace/MecHaRo-Lab_ROSBot2Pro/ws_ros2_husarion/install/rosbot_description' for CMake module files
[-1789741788815923456.000s] Level 1:colcon.colcon_core.environment:checking '/home/mmazur/Prace/MecHaRo-Lab_ROSBot2Pro/ws_ros2_husarion/install/rosbot_description' for CMake config files
[-1789741788815923456.000s] Level 1:colcon.colcon_core.shell:create_environment_hook('rosbot_description', 'cmake_prefix_path')
[-1789741788815923456.000s] INFO:colcon.colcon_core.shell:Creating environment hook '/home/mmazur/Prace/MecHaRo-Lab_ROSBot2Pro/ws_ros2_husarion/install/rosbot_description/share/rosbot_description/hook/cmake_prefix_path.ps1'
[-1789741788815923456.000s] INFO:colcon.colcon_core.shell:Creating environment descriptor '/home/mmazur/Prace/MecHaRo-Lab_ROSBot2Pro/ws_ros2_husarion/install/rosbot_description/share/rosbot_description/hook/cmake_prefix_path.dsv'
[-1789741788815923456.000s] INFO:colcon.colcon_core.shell:Creating environment hook '/home/mmazur/Prace/MecHaRo-Lab_ROSBot2Pro/ws_ros2_husarion/install/rosbot_description/share/rosbot_description/hook/cmake_prefix_path.sh'
[-1789741788815923456.000s] Level 1:colcon.colcon_core.environment:checking '/home/mmazur/Prace/MecHaRo-Lab_ROSBot2Pro/ws_ros2_husarion/install/rosbot_description/bin'
[-1789741788815923456.000s] Level 1:colcon.colcon_core.environment:checking '/home/mmazur/Prace/MecHaRo-Lab_ROSBot2Pro/ws_ros2_husarion/install/rosbot_description/lib/pkgconfig/rosbot_description.pc'
[-1789741788815923456.000s] Level 1:colcon.colcon_core.environment:checking '/home/mmazur/Prace/MecHaRo-Lab_ROSBot2Pro/ws_ros2_husarion/install/rosbot_description/lib/python3.14/site-packages'
[-1789741788815923456.000s] Level 1:colcon.colcon_core.environment:checking '/home/mmazur/Prace/MecHaRo-Lab_ROSBot2Pro/ws_ros2_husarion/install/rosbot_description/bin'
[-1789741788815923456.000s] INFO:colcon.colcon_core.shell:Creating package script '/home/mmazur/Prace/MecHaRo-Lab_ROSBot2Pro/ws_ros2_husarion/install/rosbot_description/share/rosbot_description/package.ps1'
[-1789741788815923456.000s] INFO:colcon.colcon_core.shell:Creating package descriptor '/home/mmazur/Prace/MecHaRo-Lab_ROSBot2Pro/ws_ros2_husarion/install/rosbot_description/share/rosbot_description/package.dsv'
[-1789741788815923456.000s] INFO:colcon.colcon_core.shell:Creating package script '/home/mmazur/Prace/MecHaRo-Lab_ROSBot2Pro/ws_ros2_husarion/install/rosbot_description/share/rosbot_description/package.sh'
[-1789741788815923456.000s] INFO:colcon.colcon_core.shell:Creating package script '/home/mmazur/Prace/MecHaRo-Lab_ROSBot2Pro/ws_ros2_husarion/install/rosbot_description/share/rosbot_description/package.bash'
[-1789741788815923456.000s] INFO:colcon.colcon_core.shell:Creating package script '/home/mmazur/Prace/MecHaRo-Lab_ROSBot2Pro/ws_ros2_husarion/install/rosbot_description/share/rosbot_description/package.zsh'
[-1789741788815923456.000s] Level 1:colcon.colcon_core.environment:create_file_with_runtime_dependencies(/home/mmazur/Prace/MecHaRo-Lab_ROSBot2Pro/ws_ros2_husarion/install/rosbot_description/share/colcon-core/packages/rosbot_description)
[-1789741788815923456.000s] Level 1:colcon.colcon_core.environment:create_environment_scripts_only(rosbot_xl_description)
[-1789741788815923456.000s] Level 1:colcon.colcon_core.environment:checking '/home/mmazur/Prace/MecHaRo-Lab_ROSBot2Pro/ws_ros2_husarion/install/rosbot_xl_description' for CMake module files
[-1789741788815923456.000s] DEBUG:colcon.colcon_core.event_handler.log_command:Invoked command in '/home/mmazur/Prace/MecHaRo-Lab_ROSBot2Pro/ws_ros2_husarion/build/rosbot_xl_description' returned '0': AMENT_PREFIX_PATH=/home/mmazur/Prace/MecHaRo-Lab_ROSBot2Pro/ws_ros2_husarion/install/ros_components_description:${AMENT_PREFIX_PATH} CMAKE_PREFIX_PATH=/home/mmazur/Prace/MecHaRo-Lab_ROSBot2Pro/ws_ros2_husarion/install/ros_components_description:/opt/ros/lyrical/opt/gz_sim_vendor:/opt/ros/lyrical/opt/gz_sensors_vendor:/opt/ros/lyrical/opt/gz_gui_vendor:/opt/ros/lyrical/opt/gz_transport_vendor:/opt/ros/lyrical/opt/gz_physics_vendor:/opt/ros/lyrical/opt/sdformat_vendor:/opt/ros/lyrical/opt/gz_rendering_vendor:/opt/ros/lyrical/opt/gz_plugin_vendor:/opt/ros/lyrical/opt/gz_fuel_tools_vendor:/opt/ros/lyrical/opt/gz_msgs_vendor:/opt/ros/lyrical/opt/gz_common_vendor:/opt/ros/lyrical/opt/gz_math_vendor:/opt/ros/lyrical/opt/gz_utils_vendor:/opt/ros/lyrical/opt/gz_tools_vendor:/opt/ros/lyrical/opt/gz_ogre_next_vendor:/opt/ros/lyrical/opt/gz_dartsim_vendor:/opt/ros/lyrical/opt/gz_cmake_vendor:/opt/ros/lyrical DEBUGINFOD_URLS=https://debuginfod.ubuntu.com /usr/bin/cmake --install /home/mmazur/Prace/MecHaRo-Lab_ROSBot2Pro/ws_ros2_husarion/build/rosbot_xl_description
[-1789741788815923456.000s] Level 1:colcon.colcon_core.environment:checking '/home/mmazur/Prace/MecHaRo-Lab_ROSBot2Pro/ws_ros2_husarion/install/rosbot_xl_description' for CMake config files
[-1789741788815923456.000s] Level 1:colcon.colcon_core.shell:create_environment_hook('rosbot_xl_description', 'cmake_prefix_path')
[-1789741788815923456.000s] INFO:colcon.colcon_core.shell:Creating environment hook '/home/mmazur/Prace/MecHaRo-Lab_ROSBot2Pro/ws_ros2_husarion/install/rosbot_xl_description/share/rosbot_xl_description/hook/cmake_prefix_path.ps1'
[-1789741788815923456.000s] INFO:colcon.colcon_core.shell:Creating environment descriptor '/home/mmazur/Prace/MecHaRo-Lab_ROSBot2Pro/ws_ros2_husarion/install/rosbot_xl_description/share/rosbot_xl_description/hook/cmake_prefix_path.dsv'
[-1789741788815923456.000s] INFO:colcon.colcon_core.shell:Creating environment hook '/home/mmazur/Prace/MecHaRo-Lab_ROSBot2Pro/ws_ros2_husarion/install/rosbot_xl_description/share/rosbot_xl_description/hook/cmake_prefix_path.sh'
[-1789741788815923456.000s] Level 1:colcon.colcon_core.environment:checking '/home/mmazur/Prace/MecHaRo-Lab_ROSBot2Pro/ws_ros2_husarion/install/rosbot_xl_description/bin'
[-1789741788815923456.000s] Level 1:colcon.colcon_core.environment:checking '/home/mmazur/Prace/MecHaRo-Lab_ROSBot2Pro/ws_ros2_husarion/install/rosbot_xl_description/lib/pkgconfig/rosbot_xl_description.pc'
[-1789741788815923456.000s] Level 1:colcon.colcon_core.environment:checking '/home/mmazur/Prace/MecHaRo-Lab_ROSBot2Pro/ws_ros2_husarion/install/rosbot_xl_description/lib/python3.14/site-packages'
[-1789741788815923456.000s] Level 1:colcon.colcon_core.environment:checking '/home/mmazur/Prace/MecHaRo-Lab_ROSBot2Pro/ws_ros2_husarion/install/rosbot_xl_description/bin'
[-1789741788815923456.000s] INFO:colcon.colcon_core.shell:Creating package script '/home/mmazur/Prace/MecHaRo-Lab_ROSBot2Pro/ws_ros2_husarion/install/rosbot_xl_description/share/rosbot_xl_description/package.ps1'
[-1789741788815923456.000s] INFO:colcon.colcon_core.shell:Creating package descriptor '/home/mmazur/Prace/MecHaRo-Lab_ROSBot2Pro/ws_ros2_husarion/install/rosbot_xl_description/share/rosbot_xl_description/package.dsv'
[-1789741788815923456.000s] INFO:colcon.colcon_core.shell:Creating package script '/home/mmazur/Prace/MecHaRo-Lab_ROSBot2Pro/ws_ros2_husarion/install/rosbot_xl_description/share/rosbot_xl_description/package.sh'
[-1789741788815923456.000s] INFO:colcon.colcon_core.shell:Creating package script '/home/mmazur/Prace/MecHaRo-Lab_ROSBot2Pro/ws_ros2_husarion/install/rosbot_xl_description/share/rosbot_xl_description/package.bash'
[-1789741788815923456.000s] INFO:colcon.colcon_core.shell:Creating package script '/home/mmazur/Prace/MecHaRo-Lab_ROSBot2Pro/ws_ros2_husarion/install/rosbot_xl_description/share/rosbot_xl_description/package.zsh'
[-1789741788815923456.000s] Level 1:colcon.colcon_core.environment:create_file_with_runtime_dependencies(/home/mmazur/Prace/MecHaRo-Lab_ROSBot2Pro/ws_ros2_husarion/install/rosbot_xl_description/share/colcon-core/packages/rosbot_xl_description)
[-1789741788815923456.000s] Level 1:colcon.colcon_core.environment:create_environment_scripts_only(rosbot_xl_description)
[-1789741788815923456.000s] Level 1:colcon.colcon_core.environment:checking '/home/mmazur/Prace/MecHaRo-Lab_ROSBot2Pro/ws_ros2_husarion/install/rosbot_xl_description' for CMake module files
[-1789741788815923456.000s] Level 1:colcon.colcon_core.environment:checking '/home/mmazur/Prace/MecHaRo-Lab_ROSBot2Pro/ws_ros2_husarion/install/rosbot_xl_description' for CMake config files
[-1789741788815923456.000s] Level 1:colcon.colcon_core.shell:create_environment_hook('rosbot_xl_description', 'cmake_prefix_path')
[-1789741788815923456.000s] INFO:colcon.colcon_core.shell:Creating environment hook '/home/mmazur/Prace/MecHaRo-Lab_ROSBot2Pro/ws_ros2_husarion/install/rosbot_xl_description/share/rosbot_xl_description/hook/cmake_prefix_path.ps1'
[-1789741788815923456.000s] INFO:colcon.colcon_core.shell:Creating environment descriptor '/home/mmazur/Prace/MecHaRo-Lab_ROSBot2Pro/ws_ros2_husarion/install/rosbot_xl_description/share/rosbot_xl_description/hook/cmake_prefix_path.dsv'
[-1789741788815923456.000s] INFO:colcon.colcon_core.shell:Creating environment hook '/home/mmazur/Prace/MecHaRo-Lab_ROSBot2Pro/ws_ros2_husarion/install/rosbot_xl_description/share/rosbot_xl_description/hook/cmake_prefix_path.sh'
[-1789741788815923456.000s] Level 1:colcon.colcon_core.environment:checking '/home/mmazur/Prace/MecHaRo-Lab_ROSBot2Pro/ws_ros2_husarion/install/rosbot_xl_description/bin'
[-1789741788815923456.000s] Level 1:colcon.colcon_core.environment:checking '/home/mmazur/Prace/MecHaRo-Lab_ROSBot2Pro/ws_ros2_husarion/install/rosbot_xl_description/lib/pkgconfig/rosbot_xl_description.pc'
[-1789741788815923456.000s] Level 1:colcon.colcon_core.environment:checking '/home/mmazur/Prace/MecHaRo-Lab_ROSBot2Pro/ws_ros2_husarion/install/rosbot_xl_description/lib/python3.14/site-packages'
[-1789741788815923456.000s] Level 1:colcon.colcon_core.environment:checking '/home/mmazur/Prace/MecHaRo-Lab_ROSBot2Pro/ws_ros2_husarion/install/rosbot_xl_description/bin'
[-1789741788815923456.000s] INFO:colcon.colcon_core.shell:Creating package script '/home/mmazur/Prace/MecHaRo-Lab_ROSBot2Pro/ws_ros2_husarion/install/rosbot_xl_description/share/rosbot_xl_description/package.ps1'
[-1789741788815923456.000s] INFO:colcon.colcon_core.shell:Creating package descriptor '/home/mmazur/Prace/MecHaRo-Lab_ROSBot2Pro/ws_ros2_husarion/install/rosbot_xl_description/share/rosbot_xl_description/package.dsv'
[-1789741788815923456.000s] INFO:colcon.colcon_core.shell:Creating package script '/home/mmazur/Prace/MecHaRo-Lab_ROSBot2Pro/ws_ros2_husarion/install/rosbot_xl_description/share/rosbot_xl_description/package.sh'
[-1789741788815923456.000s] INFO:colcon.colcon_core.shell:Creating package script '/home/mmazur/Prace/MecHaRo-Lab_ROSBot2Pro/ws_ros2_husarion/install/rosbot_xl_description/share/rosbot_xl_description/package.bash'
[-1789741788815923456.000s] INFO:colcon.colcon_core.shell:Creating package script '/home/mmazur/Prace/MecHaRo-Lab_ROSBot2Pro/ws_ros2_husarion/install/rosbot_xl_description/share/rosbot_xl_description/package.zsh'
[-1789741788815923456.000s] Level 1:colcon.colcon_core.environment:create_file_with_runtime_dependencies(/home/mmazur/Prace/MecHaRo-Lab_ROSBot2Pro/ws_ros2_husarion/install/rosbot_xl_description/share/colcon-core/packages/rosbot_xl_description)
[-1789741788815923456.000s] INFO:colcon.colcon_ros.task.ament_python.build:Building ROS package in '/home/mmazur/Prace/MecHaRo-Lab_ROSBot2Pro/ws_ros2_husarion/src/webots_ros2_husarion' with build type 'ament_python'
[-1789741788815923456.000s] Level 1:colcon.colcon_core.shell:create_environment_hook('webots_ros2_husarion', 'ament_prefix_path')
[-1789741788815923456.000s] INFO:colcon.colcon_core.shell:Creating environment hook '/home/mmazur/Prace/MecHaRo-Lab_ROSBot2Pro/ws_ros2_husarion/install/webots_ros2_husarion/share/webots_ros2_husarion/hook/ament_prefix_path.ps1'
[-1789741788815923456.000s] INFO:colcon.colcon_core.shell:Creating environment descriptor '/home/mmazur/Prace/MecHaRo-Lab_ROSBot2Pro/ws_ros2_husarion/install/webots_ros2_husarion/share/webots_ros2_husarion/hook/ament_prefix_path.dsv'
[-1789741788815923456.000s] INFO:colcon.colcon_core.shell:Creating environment hook '/home/mmazur/Prace/MecHaRo-Lab_ROSBot2Pro/ws_ros2_husarion/install/webots_ros2_husarion/share/webots_ros2_husarion/hook/ament_prefix_path.sh'
[-1789741788815923456.000s] INFO:colcon.colcon_core.shell:Skip shell extension 'powershell' for command environment: Not usable outside of PowerShell
[-1789741788815923456.000s] DEBUG:colcon.colcon_core.shell:Skip shell extension 'dsv' for command environment
[-1789741788815923456.000s] INFO:colcon.colcon_core.task.python.build:Building Python package in '/home/mmazur/Prace/MecHaRo-Lab_ROSBot2Pro/ws_ros2_husarion/src/webots_ros2_husarion'
[-1789741788815923456.000s] INFO:colcon.colcon_core.shell:Skip shell extension 'powershell' for command environment: Not usable outside of PowerShell
[-1789741788815923456.000s] DEBUG:colcon.colcon_core.shell:Skip shell extension 'dsv' for command environment
[-1789741788815923456.000s] DEBUG:colcon.colcon_core.task.python.build:Available setuptools commands: alias, easy_install, rotate, install, install_lib, sdist, egg_info, compile_catalog, extract_messages, build_scripts, install_egg_info, build, build_clib, bdist_egg, symlink_data, build_ext, build_py, develop, dist_info, install_data, bdist_rpm, bdist_dumb, editable_wheel, bdist, install_scripts, check, install_headers, init_catalog, bdist_wheel, update_catalog, clean, setopt, saveopts
[-1789741788815923456.000s] DEBUG:colcon.colcon_core.event_handler.log_command:Invoking command in '/home/mmazur/Prace/MecHaRo-Lab_ROSBot2Pro/ws_ros2_husarion/src/webots_ros2_husarion': AMENT_PREFIX_PATH=/home/mmazur/Prace/MecHaRo-Lab_ROSBot2Pro/ws_ros2_husarion/install/rosbot_xl_description:/home/mmazur/Prace/MecHaRo-Lab_ROSBot2Pro/ws_ros2_husarion/install/rosbot_description:/home/mmazur/Prace/MecHaRo-Lab_ROSBot2Pro/ws_ros2_husarion/install/ros_components_description:${AMENT_PREFIX_PATH} CMAKE_PREFIX_PATH=/home/mmazur/Prace/MecHaRo-Lab_ROSBot2Pro/ws_ros2_husarion/install/rosbot_xl_description:/home/mmazur/Prace/MecHaRo-Lab_ROSBot2Pro/ws_ros2_husarion/install/rosbot_description:/home/mmazur/Prace/MecHaRo-Lab_ROSBot2Pro/ws_ros2_husarion/install/ros_components_description:${CMAKE_PREFIX_PATH} DEBUGINFOD_URLS=https://debuginfod.ubuntu.com PYTHONPATH=/home/mmazur/Prace/MecHaRo-Lab_ROSBot2Pro/ws_ros2_husarion/build/webots_ros2_husarion/prefix_override:/usr/lib/python3/dist-packages/colcon_core/task/python/colcon_distutils_commands:/home/mmazur/Prace/MecHaRo-Lab_ROSBot2Pro/ws_ros2_husarion/install/webots_ros2_husarion/lib/python3.14/site-packages:${PYTHONPATH} /usr/bin/python3 -W ignore:setup.py install is deprecated -W ignore:easy_install command is deprecated setup.py egg_info --egg-base ../../build/webots_ros2_husarion build --build-base /home/mmazur/Prace/MecHaRo-Lab_ROSBot2Pro/ws_ros2_husarion/build/webots_ros2_husarion/build install --record /home/mmazur/Prace/MecHaRo-Lab_ROSBot2Pro/ws_ros2_husarion/build/webots_ros2_husarion/install.log --single-version-externally-managed install_data
[-1789741788815923456.000s] Level 1:colcon.colcon_core.environment:checking '/home/mmazur/Prace/MecHaRo-Lab_ROSBot2Pro/ws_ros2_husarion/install/webots_ros2_husarion' for CMake module files
[-1789741788815923456.000s] DEBUG:colcon.colcon_core.event_handler.log_command:Invoked command in '/home/mmazur/Prace/MecHaRo-Lab_ROSBot2Pro/ws_ros2_husarion/src/webots_ros2_husarion' returned '0': AMENT_PREFIX_PATH=/home/mmazur/Prace/MecHaRo-Lab_ROSBot2Pro/ws_ros2_husarion/install/rosbot_xl_description:/home/mmazur/Prace/MecHaRo-Lab_ROSBot2Pro/ws_ros2_husarion/install/rosbot_description:/home/mmazur/Prace/MecHaRo-Lab_ROSBot2Pro/ws_ros2_husarion/install/ros_components_description:${AMENT_PREFIX_PATH} CMAKE_PREFIX_PATH=/home/mmazur/Prace/MecHaRo-Lab_ROSBot2Pro/ws_ros2_husarion/install/rosbot_xl_description:/home/mmazur/Prace/MecHaRo-Lab_ROSBot2Pro/ws_ros2_husarion/install/rosbot_description:/home/mmazur/Prace/MecHaRo-Lab_ROSBot2Pro/ws_ros2_husarion/install/ros_components_description:${CMAKE_PREFIX_PATH} DEBUGINFOD_URLS=https://debuginfod.ubuntu.com PYTHONPATH=/home/mmazur/Prace/MecHaRo-Lab_ROSBot2Pro/ws_ros2_husarion/build/webots_ros2_husarion/prefix_override:/usr/lib/python3/dist-packages/colcon_core/task/python/colcon_distutils_commands:/home/mmazur/Prace/MecHaRo-Lab_ROSBot2Pro/ws_ros2_husarion/install/webots_ros2_husarion/lib/python3.14/site-packages:${PYTHONPATH} /usr/bin/python3 -W ignore:setup.py install is deprecated -W ignore:easy_install command is deprecated setup.py egg_info --egg-base ../../build/webots_ros2_husarion build --build-base /home/mmazur/Prace/MecHaRo-Lab_ROSBot2Pro/ws_ros2_husarion/build/webots_ros2_husarion/build install --record /home/mmazur/Prace/MecHaRo-Lab_ROSBot2Pro/ws_ros2_husarion/build/webots_ros2_husarion/install.log --single-version-externally-managed install_data
[-1789741788815923456.000s] Level 1:colcon.colcon_core.environment:checking '/home/mmazur/Prace/MecHaRo-Lab_ROSBot2Pro/ws_ros2_husarion/install/webots_ros2_husarion' for CMake config files
[-1789741788815923456.000s] Level 1:colcon.colcon_core.environment:checking '/home/mmazur/Prace/MecHaRo-Lab_ROSBot2Pro/ws_ros2_husarion/install/webots_ros2_husarion/lib'
[-1789741788815923456.000s] Level 1:colcon.colcon_core.environment:checking '/home/mmazur/Prace/MecHaRo-Lab_ROSBot2Pro/ws_ros2_husarion/install/webots_ros2_husarion/bin'
[-1789741788815923456.000s] Level 1:colcon.colcon_core.environment:checking '/home/mmazur/Prace/MecHaRo-Lab_ROSBot2Pro/ws_ros2_husarion/install/webots_ros2_husarion/lib/pkgconfig/webots_ros2_husarion.pc'
[-1789741788815923456.000s] Level 1:colcon.colcon_core.environment:checking '/home/mmazur/Prace/MecHaRo-Lab_ROSBot2Pro/ws_ros2_husarion/install/webots_ros2_husarion/lib/python3.14/site-packages'
[-1789741788815923456.000s] Level 1:colcon.colcon_core.shell:create_environment_hook('webots_ros2_husarion', 'pythonpath')
[-1789741788815923456.000s] INFO:colcon.colcon_core.shell:Creating environment hook '/home/mmazur/Prace/MecHaRo-Lab_ROSBot2Pro/ws_ros2_husarion/install/webots_ros2_husarion/share/webots_ros2_husarion/hook/pythonpath.ps1'
[-1789741788815923456.000s] INFO:colcon.colcon_core.shell:Creating environment descriptor '/home/mmazur/Prace/MecHaRo-Lab_ROSBot2Pro/ws_ros2_husarion/install/webots_ros2_husarion/share/webots_ros2_husarion/hook/pythonpath.dsv'
[-1789741788815923456.000s] INFO:colcon.colcon_core.shell:Creating environment hook '/home/mmazur/Prace/MecHaRo-Lab_ROSBot2Pro/ws_ros2_husarion/install/webots_ros2_husarion/share/webots_ros2_husarion/hook/pythonpath.sh'
[-1789741788815923456.000s] Level 1:colcon.colcon_core.environment:checking '/home/mmazur/Prace/MecHaRo-Lab_ROSBot2Pro/ws_ros2_husarion/install/webots_ros2_husarion/bin'
[-1789741788815923456.000s] Level 1:colcon.colcon_core.environment:create_environment_scripts_only(webots_ros2_husarion)
[-1789741788815923456.000s] INFO:colcon.colcon_core.shell:Creating package script '/home/mmazur/Prace/MecHaRo-Lab_ROSBot2Pro/ws_ros2_husarion/install/webots_ros2_husarion/share/webots_ros2_husarion/package.ps1'
[-1789741788815923456.000s] INFO:colcon.colcon_core.shell:Creating package descriptor '/home/mmazur/Prace/MecHaRo-Lab_ROSBot2Pro/ws_ros2_husarion/install/webots_ros2_husarion/share/webots_ros2_husarion/package.dsv'
[-1789741788815923456.000s] INFO:colcon.colcon_core.shell:Creating package script '/home/mmazur/Prace/MecHaRo-Lab_ROSBot2Pro/ws_ros2_husarion/install/webots_ros2_husarion/share/webots_ros2_husarion/package.sh'
[-1789741788815923456.000s] INFO:colcon.colcon_core.shell:Creating package script '/home/mmazur/Prace/MecHaRo-Lab_ROSBot2Pro/ws_ros2_husarion/install/webots_ros2_husarion/share/webots_ros2_husarion/package.bash'
[-1789741788815923456.000s] INFO:colcon.colcon_core.shell:Creating package script '/home/mmazur/Prace/MecHaRo-Lab_ROSBot2Pro/ws_ros2_husarion/install/webots_ros2_husarion/share/webots_ros2_husarion/package.zsh'
[-1789741788815923456.000s] Level 1:colcon.colcon_core.environment:create_file_with_runtime_dependencies(/home/mmazur/Prace/MecHaRo-Lab_ROSBot2Pro/ws_ros2_husarion/install/webots_ros2_husarion/share/colcon-core/packages/webots_ros2_husarion)
[-1789741788815923456.000s] DEBUG:colcon.colcon_parallel_executor.executor.parallel:closing loop
[-1789741788815923456.000s] DEBUG:colcon.colcon_parallel_executor.executor.parallel:loop closed
[-1789741788815923456.000s] DEBUG:colcon.colcon_parallel_executor.executor.parallel:run_until_complete finished with '0'
[-1789741788815923456.000s] DEBUG:colcon.colcon_core.event_reactor:joining thread
[-1789741788815923456.000s] DEBUG:colcon.colcon_core.event_reactor:joined thread
[-1789741788815923456.000s] INFO:colcon.colcon_core.shell:Creating prefix script '/home/mmazur/Prace/MecHaRo-Lab_ROSBot2Pro/ws_ros2_husarion/install/local_setup.ps1'
[-1789741788815923456.000s] INFO:colcon.colcon_core.shell:Creating prefix util module '/home/mmazur/Prace/MecHaRo-Lab_ROSBot2Pro/ws_ros2_husarion/install/_local_setup_util_ps1.py'
[-1789741788815923456.000s] INFO:colcon.colcon_core.shell:Creating prefix chain script '/home/mmazur/Prace/MecHaRo-Lab_ROSBot2Pro/ws_ros2_husarion/install/setup.ps1'
[-1789741788815923456.000s] INFO:colcon.colcon_core.shell:Creating prefix script '/home/mmazur/Prace/MecHaRo-Lab_ROSBot2Pro/ws_ros2_husarion/install/local_setup.sh'
[-1789741788815923456.000s] INFO:colcon.colcon_core.shell:Creating prefix util module '/home/mmazur/Prace/MecHaRo-Lab_ROSBot2Pro/ws_ros2_husarion/install/_local_setup_util_sh.py'
[-1789741788815923456.000s] INFO:colcon.colcon_core.shell:Creating prefix chain script '/home/mmazur/Prace/MecHaRo-Lab_ROSBot2Pro/ws_ros2_husarion/install/setup.sh'
[-1789741788815923456.000s] INFO:colcon.colcon_core.shell:Creating prefix script '/home/mmazur/Prace/MecHaRo-Lab_ROSBot2Pro/ws_ros2_husarion/install/local_setup.bash'
[-1789741788815923456.000s] INFO:colcon.colcon_core.shell:Creating prefix chain script '/home/mmazur/Prace/MecHaRo-Lab_ROSBot2Pro/ws_ros2_husarion/install/setup.bash'
[-1789741788815923456.000s] INFO:colcon.colcon_core.shell:Creating prefix script '/home/mmazur/Prace/MecHaRo-Lab_ROSBot2Pro/ws_ros2_husarion/install/local_setup.zsh'
[-1789741788815923456.000s] INFO:colcon.colcon_core.shell:Creating prefix chain script '/home/mmazur/Prace/MecHaRo-Lab_ROSBot2Pro/ws_ros2_husarion/install/setup.zsh'
